Contract Address,0,1,10001,20001,30001,40001,50001,60001,70001,80001,90001,100001,110001,120001,130001,140001,150001
0x5bB953F700F1967a8103AeAa69cd89F6655c6012,null,null,null,null,null,null,null,null,null,null,null,null,null,null,null,null,null
0x9a049f5d18C239EfAA258aF9f3E7002949a977a0,null,null,null,null,null,null,null,null,null,null,null,null,null,null,null,null,null
0x4dAE54C8645C47Dd55782091ecA145C7bFF974Bc,null,null,null,null,null,null,null,null,null,null,null,null,null,null,null,null,null
0x87C44B9a951161D6d261723130208b176475F2Ad,null,null,null,null,null,null,null,null,null,null,null,null,null,null,null,null,null
0xd464E6289Af4D1b3a6faBf2dE33c2caE85dc98F3,null,null,null,null,null,null,null,null,null,null,null,null,null,null,null,null,null
0xF914866d52B690553c0AACecE3B38cC8b463ea50,null,null,null,null,null,null,null,null,null,null,null,null,null,null,null,null,null
0x3DBdEeAFa2ACA6C8c4F6e442b07bb575fc5658A9,null,null,null,null,null,null,null,null,null,null,null,null,null,null,null,null,null
0x412FdA7643b37d436cB40628F6DbBB80a07267ed,null,null,null,null,null,null,null,null,null,null,null,null,null,null,null,null,null
0xda0C1c188213f92dD32B44796b4313ae267A68eB,null,null,null,null,null,null,null,null,null,null,null,null,null,null,null,null,null
0x1131589d72900Dbe3439aeBe5e15A1Df4672FA8A,null,null,null,null,null,null,null,null,null,null,null,null,null,null,null,null,null
0x838e90A2F735276D8c7824c3858b7CEB3AA6B110,null,null,null,null,null,null,null,null,null,null,null,null,null,null,null,null,null
0x8200b7230d552862942875355F71FE4617e814D6,null,null,null,null,null,null,null,null,null,null,null,null,null,null,null,null,null
0x76173dF7aCeeEb990839Dc0c359c4A3Ec1e01da7,null,null,null,null,null,null,null,null,null,null,null,null,null,null,null,null,null
0x78Fac3F3E6E6a20d5AA5CaFcf56b93E2DCE1e99F,null,null,null,null,null,null,null,0,0,0,0,0,0,0,0,0,0
0xBAFA73D5C2d46B66C299E1bB6d6B9F46b21819F7,null,null,null,null,null,null,null,0,0,0,0,0,0,0,0,0,0
0x3d26E176a2D25d3AE98f67C9f1086704Be816E5e,null,null,null,null,null,null,null,null,null,null,null,null,null,null,null,null,null
0x3de43C2475A639F8b4cd8655ca7c395855274374,null,null,null,null,null,null,null,null,null,null,null,null,null,null,null,null,null
0x01957911244E546cE519fbaC6f798958fAfadB41,null,null,null,null,null,null,null,null,null,null,null,null,null,null,null,null,null
0xCdd192F2c49383af4321c7D1941Fb3C9Ca1B622C,null,null,null,null,null,null,null,null,null,null,null,null,null,null,null,null,null
0xEb46B81B790dF256E4F9236a1E2c3a26E3D284F8,null,null,null,null,null,null,null,null,null,null,null,null,null,null,null,null,null
0x95A93B4d6CDf68235f3B68046d0f81E78D61572c,null,null,null,null,null,null,null,null,null,null,null,null,null,null,null,null,null
0x8B9a77eA50493eea6bA980f74dd66ff633172917,null,null,null,null,null,null,null,null,null,null,null,null,null,null,null,null,null
0xA6896C6bB7E0Ac7c620eE36A74d298B4786f1872,null,null,null,null,null,null,null,null,null,null,null,null,null,null,null,null,null
0xD251a133116194Faa5aD2Bf40F4baF2Aa97D2ae4,null,null,null,null,null,null,null,null,null,null,null,null,null,null,null,null,null
0x525d6813C3d4272a29FEa666FcCa7a296c98a14B,null,null,null,null,null,null,null,null,null,null,null,null,null,null,null,null,null
0xD0db0d0313f06f9B0Ab083a264B7497A82DbaDcB,null,null,null,null,null,null,null,null,null,null,null,null,null,null,null,null,null
0x3e4Bd3AEA13f59b9502073b7a03Cfb52ECecc997,null,null,null,null,null,null,null,null,null,null,null,null,null,null,null,null,null
0x465b83e4b4C0294Bf6d374d4733B95bb150bD21C,null,null,null,null,null,null,null,null,null,null,null,null,null,null,null,null,null
0x93eEA62C088759fd22ebc15a6f9645672D3a9265,null,null,null,null,null,null,null,null,null,null,null,null,null,null,null,null,null
0xC2D72e968Df598134529475769B6C8Befe2d4786,null,null,null,null,null,null,null,null,null,null,null,null,null,null,null,null,null
0x94501FF386c3E84cB8FE37924Daa869151417e55,null,null,null,null,null,null,null,null,null,null,null,null,null,null,null,null,null
0x353f52AD27B13cBed1678AaEf0ba64B46AF54a19,null,null,null,null,null,null,null,null,null,null,null,null,null,null,null,null,null
0x54302cdad49413689acA2a6fB49161E5B56Faf4A,null,null,null,null,null,null,null,null,null,null,0,0,0,0,0,0,0
0xb8cD5067227FdeC355c5531AcCBCdF734A0869e8,null,null,null,null,null,null,null,null,null,null,null,null,null,null,null,null,null
0x49F5e353AAf7A6850f934e757A230E6E4c7ecDDb,null,null,null,null,null,null,null,null,null,null,null,null,null,null,null,null,null
0xAeB2AC01f4812144Ff1b42607b812B5Cdfa5Fd37,null,null,null,null,null,null,null,null,null,null,null,null,null,null,null,null,null
0xF1D3271D6d10826aF877D99233869d7238AA0455,null,null,null,null,null,null,null,null,null,null,null,null,null,null,null,null,null
0xE40337cf3eeDe621947697795AeAB9AaCC1A23f8,null,null,null,null,null,null,null,null,null,null,null,null,null,null,null,null,null
0xCdD1f57f5513918999e308E5d223Dc4745615c1B,null,null,null,null,null,null,null,null,null,null,null,null,null,null,null,null,null
0x580E45f982a0A01cFab3B36B3Ec8Df63fcc5D290,null,null,null,null,null,null,null,null,null,null,null,null,null,null,null,null,null
0x5817E80DF02122D86831622f0B72b45335352f68,null,null,null,null,null,null,null,null,null,null,null,null,null,null,null,null,null
0xFD8fae660D861036728B466c620c24f745b61974,null,null,null,null,null,null,null,null,null,null,null,null,null,null,null,null,null
0x80cA78e0Dc617C07Ab1c3384d96cd1eA8D6cfA45,null,null,null,null,null,null,null,null,null,null,null,null,null,null,null,null,null
0xae07246D1A65F10106440Af2A3BD29aD124792f2,null,null,null,null,null,null,null,null,null,null,null,null,null,null,null,null,null
0x8eFE9A62099820c58f81bb1573D8619c7f9dfFBe,null,null,null,null,null,null,null,null,null,null,null,null,null,null,null,null,null
0xb20e50D4dE13C4459a111971633c082a09C977c9,null,null,null,null,null,null,null,null,null,null,null,null,null,null,null,null,null
0xEa6e19Bc3fC5445B31b2298fe516A1a4bf858831,null,null,null,null,null,null,null,null,null,null,null,null,null,null,null,null,null
0x5aA3acAb3d4F9BCE810c3D6cBdE94F476dda12ec,null,null,null,null,null,null,null,null,null,null,null,null,null,null,null,null,null
0x49e77Af7f52EEC4B042a52b957c96df1d7c1D31B,null,null,null,null,null,null,null,null,null,null,null,null,null,null,null,null,null
0xB214CBce30676Bd117f95a8695D34427295cd6F7,null,null,null,null,null,null,null,null,null,null,null,null,null,null,null,null,null
0x14C20fD59e3e20C445562d39dCA76F802cB21315,null,null,null,null,null,null,null,null,null,null,null,null,null,null,null,null,null
0xf070658CD7E54bc4d8942D66B922AF803c33BF7C,null,null,null,null,null,null,null,null,null,null,null,null,null,null,null,null,null
0xC4F14b38020BD9d1494aca3Ee8C88ca0265eCb08,null,null,null,null,null,null,null,null,null,null,null,null,null,null,null,null,null
0x3cc6cD0229daf29f60Cc0C24ac0DE3A7d9d431A1,null,null,null,null,null,null,null,null,null,null,null,null,null,null,null,null,null
0x07bB818A498A68E1A52A7457181efa52980109A9,null,null,null,null,null,null,null,null,null,null,null,null,null,null,null,null,null
0x8bF35a1D792C29f5DAAdB21a570ec8365Ed6ECDC,null,null,null,null,null,null,null,null,null,null,null,null,null,null,null,null,null
0xE0381E00E1F4E8F39aFebF6d93cA0C31A3B59A9f,null,null,null,null,null,null,null,null,null,null,null,null,null,null,null,null,null
0x57a63E1A875d17c1E3D8BED749D14C015E2BBd1E,null,null,null,null,null,null,null,null,null,null,null,null,null,null,null,null,null
0x338e7292dbf9b3d326866fe46D35d04Ccb750CB4,null,null,null,null,null,null,null,null,null,null,null,null,null,null,null,null,null
0x3D7Ed156f48106b3Ff76DdF3d1E06A584F246503,null,null,null,null,null,null,null,null,null,null,null,null,null,null,null,null,null
0xF96f610d1302A6052A3F5632752E7B73Fd4fFC9E,null,null,null,null,null,null,null,null,null,null,null,null,null,null,null,null,null
0xc9f5E3f64557530780e4062f8f30Ce98a586DA86,null,null,null,null,null,null,null,null,null,null,null,null,null,null,null,null,null
0x714dE2dAe81f0faB36A09B9472d31Cee5A197554,null,null,null,null,null,null,null,null,null,null,null,null,null,null,null,null,null
0x62697e0027c36579F6146a99dA8527B737085CE0,null,null,null,null,null,null,null,null,null,null,null,null,null,null,null,null,null
0xC5055c47CFd281d3e6bfB544AF51f2A8cB73e5f8,null,null,null,null,null,null,null,null,null,null,null,null,null,null,null,null,null
0xDdCd64aC7155A26dC1473afa8Bb50a8C08A08e7B,null,null,null,null,null,null,null,null,null,null,null,null,null,null,null,null,null
0xdd1111b94a590dbd17d2E66f8d2b1C79475c4595,null,null,null,null,null,null,null,null,null,null,null,null,null,null,null,null,null
0xC38A04bE7ae78e7E17C4631DdF486dC79a02dFA5,null,null,null,null,null,null,null,null,null,null,null,null,null,null,null,null,null
0xAe6653df274f16f73522E5f6d22940051f1271FD,null,null,null,null,null,null,null,null,null,null,null,null,null,null,null,null,null
0xf96Ba9C4A4305DF22D91776E22C587C7A35E53DC,null,null,null,null,null,null,null,null,null,null,null,null,null,null,null,null,null
0x078Df6a361e48Adc27a83C17E13a308Dec346Bbf,null,null,null,null,null,null,null,null,null,null,null,null,null,null,null,null,null
0x6e278CFeCfE96FA5e6D5411Ba6eeb765dff4f118,null,null,null,null,null,null,null,null,null,null,null,null,null,null,null,null,null
0x03A81fAF699715cF9563D03565D9414ADa137053,null,null,null,null,null,null,null,null,null,null,null,null,null,null,null,null,null
0x35CBA42a854817b8Bb8b5A02bb987916acf11cc4,null,null,null,null,null,null,null,null,null,null,null,null,null,null,null,null,null
0x0Ba6d45F5c59CE2F283C6F088471AFEE17Faf287,null,null,null,null,null,null,null,null,null,null,null,null,null,null,null,null,null
0x5D30eF988Cd50c6D4634008e632aF8e077B94058,null,null,null,null,null,null,null,null,null,null,null,null,null,null,null,null,null
0xA1e9111De82087d44D1FCDd5ff3da0042d9889cD,null,null,null,null,null,null,null,null,null,null,null,null,null,null,null,null,null
0x27F7EB7870cc119F454d574dD812CB27AEfac218,null,null,null,null,null,null,null,null,null,null,null,null,null,null,null,null,null
0x847a061E2878A10639752b8f86279FAA442dE482,null,null,null,null,null,null,null,null,null,null,null,null,null,null,null,null,null
0x6D04005ED3c369DCAcE88d669e0c6eD18934Ad57,null,null,null,null,null,null,null,null,null,null,null,null,null,null,null,null,null
0xB329a517Db00508744165D1125608F7c4fFF7dFf,null,null,null,null,null,null,null,null,null,null,null,null,null,null,null,null,null
0xFd32Fb5c25B7FCF5C6fc3Df929A4dA9e8c043e56,null,null,null,null,null,null,null,null,null,null,null,null,null,null,null,null,null
0x9F6F1Af5219f055AB3165c7f2DF5Ad981dDd323a,null,null,null,null,null,null,null,null,null,null,null,null,null,null,null,null,null
0x39686413825D51CeceC10016D55EfF7BB4D0edB7,null,null,null,null,null,null,null,null,null,null,null,null,null,null,null,null,null
0x5bBE3d09de3932796b64d2e7F8C19dA547F3ac84,null,null,null,null,null,null,null,null,null,null,null,null,null,null,null,null,null
0xFfd0ac6ED8Ac4ca70F214598A542664E28e02821,null,null,null,null,null,null,null,null,null,null,null,null,null,null,null,null,null
0xfef1f3D23055E39b85eEfc2F37864cCf5B92CAD3,null,null,null,null,null,null,null,null,null,null,null,null,null,null,null,null,null
0x23bF9a3f7db387946DfC9c6420Cc08c1880C1F9C,null,null,null,null,null,null,null,null,null,null,null,null,null,null,null,null,null
0xa1efc5d05406a9D401696BAD501bcFB5CEE0A9D1,null,null,null,null,null,null,null,null,null,null,null,null,null,null,null,null,null
0x034Faa3883d1EB8ccfD3B2CE1791AAC79AAb9B42,null,null,null,null,null,null,null,null,null,null,null,null,null,null,null,null,null
0x25df0f86E89c041DeD6362224441833817896B28,null,null,null,null,null,null,null,null,null,null,null,null,null,null,null,null,null
0xF013ad45C8f0fdcbC4f77ea7ae7eF152e4751990,null,null,null,null,null,null,null,null,null,null,null,null,null,null,null,null,null
0x7627E10d702f62bceF458b33520aAFc9c5a69d9d,null,null,null,null,null,null,null,null,null,null,null,null,null,null,null,null,null
0x3fCe69Da6682B0352e7c6B8488FE5Ec83bCc9a2D,null,null,null,null,null,null,null,null,null,null,null,null,null,null,null,null,null
0x2c62C7B5fD245fA08Cb8bd2fFF4417Eb3EFE2AaE,null,null,null,null,null,null,null,null,null,null,null,null,null,null,null,null,null
0xD9d3c812c9B508Da606Ff5B0945D9Af5385D47E5,null,null,null,null,null,null,null,null,null,null,null,null,null,null,null,null,null
0x0d353331597cE2CDbFBE4937ce7dCE106C2FF773,null,null,null,null,null,null,null,null,null,null,null,null,null,null,null,null,null
0x1b5e6A355a84ef8e90A689668053be5B10E19BB9,null,null,null,null,null,null,null,null,null,null,null,null,null,null,null,null,null
0x1745096776Ff53aC61bAF5c6E6F569975A3aeFB8,null,null,null,null,null,null,null,null,null,null,null,null,null,null,null,null,null
0xb57F391fD904a96A8d0E36bF4C547A847032E95d,null,null,null,null,null,null,null,null,null,null,null,null,null,null,null,null,null
0xd7f48bA0F0Faef2583Eb9015983f1dC388c41F6b,null,null,null,null,null,null,null,null,null,null,null,null,null,null,null,null,null
0x4BF42D0ce494D62C3A7772FB4fd3881361D2e7e3,null,null,null,null,null,null,null,null,null,null,null,null,null,null,null,null,null
0x9E16CE8DDeAb57F13862440C04ae899F52BB4ac0,null,null,null,null,null,null,null,null,null,null,null,null,null,null,null,null,null
0x7b2a44f97954658B73a4e846D256bcF1d53F6b3b,null,null,null,null,null,null,null,null,null,null,null,null,null,null,null,null,null
0x589ea787b46dA08eC8fC081678335C5d0081010e,null,null,null,null,null,null,0,0,0,0,0,0,0,0,0,0,0
0xC669eAAD75042BE84daAF9b461b0E868b9Ac1871,null,null,null,null,null,null,0,0,0,0,0,0,0,0,0,0,0
0x9a6bfff95d8AE43425d3960585c230c89e9060E4,null,null,null,null,null,null,0,0,0,0,0,0,0,0,0,0,0
0xF0B0420788Efa4e6241Ed3fF5e88c092D7EE4FA3,null,null,null,null,null,null,0,0,0,0,0,0,0,0,0,0,0
0x6516298e1C94769432Ef6d5F450579094e8c21fA,null,null,null,null,null,null,0,0,0,0,0,0,0,0,0,0,0
0x1a332271eAC30c5E967ce9E606Bb0e9B4ddf436E,null,null,null,null,null,null,0,0,0,0,0,0,0,0,0,0,0
0xDAE5047277a2cc3d0013Fc0cF4A12817b9b85C33,null,null,null,null,null,null,0,0,0,0,0,0,0,0,0,0,0
0x9973aaD0d294ac02632d8d26A1a2818213f31f0b,null,null,null,null,null,null,null,null,null,null,null,null,null,null,null,null,null
0x66D796E7AE8608BbA361c97bA7682689cc5Bf320,null,null,null,null,null,null,0,0,0,0,0,0,0,0,0,0,0
0xFeA8c4Afb88575cd89A2D7149Ab366E7328B08eB,null,null,null,null,null,null,null,null,null,null,null,null,null,null,null,null,null
0xF9c2a99482823c30062Ded531e049163034273C2,null,null,null,null,null,null,0,0,0,0,0,0,0,0,0,0,0
0x235287e634130c4F1357e8D3E48dbBf5161C90A7,null,null,null,null,null,null,0,0,0,0,0,0,0,0,0,0,0
0x26B15195e53143C2e20D49805e1Ff123BcE63C3a,null,null,null,null,null,null,0,0,0,0,0,0,0,0,0,0,0
0xCde4DE4d3baa9f2CB0253DE1b86271152fBf7864,null,null,null,null,null,null,0,0,0,0,0,0,0,0,0,0,0
0x1392A4F1642c22Bc6E3380BB156193e790770c35,null,null,null,null,null,null,null,0,0,0,0,0,0,0,0,0,0
0xc076CF70C54c698D4442Cde1561452564FA339A5,null,null,null,null,null,null,null,0,0,0,0,0,0,0,0,0,0
0x58828Dc80663a0f3D4Ba2dcAFf1c4fDFfb88D96A,null,null,null,null,null,null,null,0,0,0,0,0,0,0,0,0,0
0x8bbF81e9A8E936242354047C9905d621E269c7f7,null,null,null,null,null,null,null,0,0,0,0,0,0,0,0,0,0
0xf436CEBa3850bD3b0E853B018212d6Fc2b6267D0,null,null,null,null,null,null,null,0,0,0,0,0,0,0,0,0,0
0x0Ad7f61DC4b9457505Dc835677e3aA1A056d264F,null,null,null,null,null,null,null,0,0,0,0,0,0,0,0,0,0
0xDc884e349103eAee4aeF913D532Cb5db2745f48b,null,null,null,null,null,null,null,0,0,0,0,0,0,0,0,0,0
0x18991fC52465c9Cb2cA762947e855beb2ddfff72,null,null,null,null,null,null,null,0,0,0,0,0,0,0,0,0,0
0xC20378103474086D171524d68D7d57092021D4de,null,null,null,null,null,null,null,0,0,0,0,0,0,0,0,0,0
0x3DF21FB7c9Ec2d6C12C11b19935f44ff1FCB9B1e,null,null,null,null,null,null,null,0,0,0,0,0,0,0,0,0,0
0x9B4364943c18C594d11E7a4484c40F41FcE7c9Be,null,null,null,null,null,null,null,0,0,0,0,0,0,0,0,0,0
0x4FB5aCBE16fFDda225cb14C64aa84c7e253b08Ae,null,null,null,null,null,null,null,0,0,0,0,0,0,0,0,0,0
0x4aB02026c081f6BE9c31Ebe76963cbd723f9D97D,null,null,null,null,null,null,null,0,0,0,0,0,0,0,0,0,0
0x97b29A4a9087F7DA2A9Bb06aCa8F7Be7d67c3532,null,null,null,null,null,null,null,0,0,0,0,0,0,0,0,0,0
0x506F4b138E30f4ed0b9511d4D676EAaECa466983,null,null,null,null,null,null,null,0,0,0,0,0,0,0,0,0,0
0xbA41AF292F5C5eDcC019f5EC41ac03752E4Eb0e1,null,null,null,null,null,null,null,0,0,0,0,0,0,0,0,0,0
0x839333261d34dBf8d3bac21e8237252249d38deA,null,null,null,null,null,null,null,0,0,0,0,0,0,0,0,0,0
0x399dfaF3935523475E69Df74EE1675709115C189,null,null,null,null,null,null,null,0,0,0,0,0,0,0,0,0,0
0xD5e9b97a4Ea7df470b01eff3e35E74b4753b2be9,null,null,null,null,null,null,null,0,0,0,0,0,0,0,0,0,0
0xd38c7BfC3cf7457241b62cc9f922f455c286A1b3,null,null,null,null,null,null,null,0,0,0,0,0,0,0,0,0,0
0x6517102217a362f2506ED0c137c716f629b1b222,null,null,null,null,null,null,null,0,0,0,0,0,0,0,0,0,0
0x139F75EA7DD0ef5e115aE53e863cCc96dBD9a2f6,null,null,null,null,null,null,null,null,null,null,null,null,null,null,null,null,null
0xCed179cB113196835DD7F06a036Ed2828361154C,null,null,null,null,null,null,null,null,null,null,null,null,null,null,null,null,null
0x28A6216147FCc08E53D062f80394FE52784fA8D9,null,null,null,null,null,null,null,0,0,0,0,0,0,0,0,0,0
0x29d8438757cb0afEd950b484437E6eD849f5cd94,null,null,null,null,null,null,null,0,0,0,0,0,0,0,0,0,0
0xe421ecf0FD7E3D4444E811649D2FDc5B6Ed4112C,null,null,null,null,null,null,null,0,0,0,0,0,0,0,0,0,0
0xBB34947d3E4485C851fC7b3BcE7ea4148128A6E5,null,null,null,null,null,null,null,0,0,0,0,0,0,0,0,0,0
0xF290DE524D690e4AbdA02e3FB6345EeAc12999fC,null,null,null,null,null,null,null,0,0,0,0,0,0,0,0,0,0
0xcE6CF9Da3CD2cA4D6f7bcd4EE4335232386D8809,null,null,null,null,null,null,null,0,0,0,0,0,0,0,0,0,0
0xBdeA11D5cB2558a2f25B7b90D54bf1B27E4AAa78,null,null,null,null,null,null,null,0,0,0,0,0,0,0,0,0,0
0x1686ECA4501A2D0bFf4bD85B64EA0E158B804c49,null,null,null,null,null,null,null,0,0,0,0,0,0,0,0,0,0
0x6C8dDa9F172D4601b3c5429321F458B08d5eF84E,null,null,null,null,null,null,null,0,0,0,0,0,0,0,0,0,0
0x5Bd4a6d9fA2080cC31B159686a08669957527b12,null,null,null,null,null,null,null,0,0,0,0,0,0,0,0,0,0
0x0013e723F574bAFD47CC1542532cdCD98C1C2989,null,null,null,null,null,null,null,0,0,0,0,0,0,0,0,0,0
0xa77436621b16912Aeb744A1313a071Ba6A25a278,null,null,null,null,null,null,null,0,0,0,0,0,0,0,0,0,0
0xb179a893de8EC62bc2817EAfb369412de74BF09d,null,null,null,null,null,null,null,0,0,0,0,0,0,0,0,0,0
0x82000E228027bbFab26eFF81C221024Fe4b0690a,null,null,null,null,null,null,null,0,0,0,0,0,0,0,0,0,0
0xbb6006a18Eca93C83c31cEfA380FcCf50FA3bFF7,null,null,null,null,null,null,null,0,0,0,0,0,0,0,0,0,0
0xf38B4b47b3d6A50078Aa97B3C0a75664224EA71c,null,null,null,null,null,null,null,null,null,null,null,null,null,null,null,null,null
0x1a785851F96816e37BFc954CB9fc3c1872C885e9,null,null,null,null,null,null,null,0,0,0,0,0,0,0,0,0,0
0x3D0Bb85524ae4e1F5166d4D45926aca3A4fe58a8,null,null,null,null,null,null,null,0,0,0,0,0,0,0,0,0,0
0x45109A940501dA9C2F32db25FB40c23c5775A62c,null,null,null,null,null,null,null,0,0,0,0,0,0,0,0,0,0
0xD8563bE89A5CD66874D78b58af57a9ADd3286E03,null,null,null,null,null,null,null,0,0,0,0,0,0,0,0,0,0
0x491756EE26d3EC290f86e06375939C909E8a4575,null,null,null,null,null,null,null,0,0,0,0,0,0,0,0,0,0
0xDF683Ef2Fc45eE3105be89e192453DE929f0f7A8,null,null,null,null,null,null,null,null,null,null,null,null,null,null,null,null,null
0xD1f0a455ADd2C6725c38f6139a81dB625e90359a,null,null,null,null,null,null,null,null,0,0,0,0,0,0,0,0,0
0xC7d3E431Be6222543364408a94C12C0D089Be305,null,null,null,null,null,null,null,null,0,0,0,0,0,0,0,0,0
0x1702C089c3D4B2b8e09232F36114E41c214D6939,null,null,null,null,null,null,null,null,0,0,0,0,0,0,0,0,0
0x3d20CA881Df543228b314BBE1D47bB54DB124383,null,null,null,null,null,null,null,null,null,null,null,null,null,null,null,null,null
0x0B7591abDF17A364F167A99aF38e58694ACB2Aa6,null,null,null,null,null,null,null,null,0,0,0,0,0,0,0,0,0
0xDd078da257128aEF13471Ace70Ef448C0A3F1EcA,null,null,null,null,null,null,null,null,null,null,null,null,null,null,null,null,null
0x6C18EB3a3cbFc8fc6EeC1d80aB1d0dc5510FA0b1,null,null,null,null,null,null,null,null,null,null,null,null,null,null,null,null,null
0xA85146C7Ba442f7cBA546c89BC555432ab9bbf06,null,null,null,null,null,null,null,null,0,0,0,0,0,0,0,0,0
0x87AD8fed4213F32F311779749b566d561846D9bC,null,null,null,null,null,null,null,null,0,0,0,0,0,0,0,0,0
0xfcB20aE9a3Fa95aF55803B8CDab4B0643FB96D3F,null,null,null,null,null,null,null,null,0,0,0,0,0,0,0,0,0
0x28111823D089491106A18A3b1E08F15938F0510B,null,null,null,null,null,null,null,null,null,null,null,null,null,null,null,null,null
0xd2c12462b5B2E3cad01C9034F9e8f6921811Cc63,null,null,null,null,null,null,null,null,null,null,null,null,null,null,null,null,null
0xB2F37cC72f2686aBFf63220fBD33a9bfe62D4EE9,null,null,null,null,null,null,null,null,0,0,0,0,0,0,0,0,0
0xB5B27A6C22A628ffe1054f2709927A2fbA897765,null,null,null,null,null,null,null,null,null,0,0,0,0,0,0,0,0
0x2194B1734ee0f67440884dA49952a45b34bA832D,null,null,null,null,null,null,null,null,null,null,null,null,null,null,null,null,null
0x9A3Ed1b2D366e461EdD56C2acfa67aFA22cE53ff,null,null,null,null,null,null,null,null,null,null,null,null,null,null,null,null,null
0x561aa6eAF314eA5f5d4dcd757c965546Bd0Bf89b,null,null,null,null,null,null,null,null,null,0,0,0,0,0,0,0,0
0xB4d241402096544d3bEE77Ae8C4020ba4Adb6caB,null,null,null,null,null,null,null,null,null,0,0,0,0,0,0,0,0
0xe466EcA6595D51aB6126cA948145a029bAA522E0,null,null,null,null,null,null,null,null,null,null,null,null,null,null,null,null,null
0x417705f7e5dbA87C3dB5Ce00295027Ae27bCaE0F,null,null,null,null,null,null,null,null,null,0,0,0,0,0,0,0,0
0x96d76ae3397B52D9F61215270DF65D72358709E3,null,null,null,null,null,null,null,null,null,0,0,0,0,0,0,0,0
0x6837aFB9e9fC1a908f9cE54756d3Dba55A87EA27,null,null,null,null,null,null,null,null,null,0,0,0,0,0,0,0,0
0x85cb4FAb90bf67E2593891CBe75385EfF0067188,null,null,null,null,null,null,null,null,null,0,0,0,0,0,0,0,0
0xc250A22436CDfBE47c0B8cA32A5834932964D1cB,null,null,null,null,null,null,null,null,null,0,0,0,0,0,0,0,0
0x5659b5e6FDc892130a9eBDfCF0B0AF99F3631F01,null,null,null,null,null,null,null,null,null,null,0,0,0,0,0,0,0
0x2E99062e3EB5CF5B74ca258b79ad151A1A69EEfc,null,null,null,null,null,null,null,null,null,null,0,0,0,0,0,0,0
0x4eafFB2b5436d10d8d1C75F4D3DE552174130E0B,null,null,null,null,null,null,null,null,null,null,0,0,0,0,0,0,0
0x1F3B190cdEDd9F2c33d7d342985A8eEcBe7C161A,null,null,null,null,null,null,null,null,null,null,null,null,null,null,null,null,null
0x0cc09bcC3f3d73304f4EEF5eb29082e4181484E8,null,null,null,null,null,null,null,null,null,null,0,0,0,0,0,0,0
0x07aDBB40E244124595Fb57f9bc444421D3d2557D,null,null,null,null,null,null,null,null,null,null,0,0,0,0,0,0,0
0x70791019Dcb20F5507c64a94d21DD573105c5D32,null,null,null,null,null,null,null,null,null,null,0,0,0,0,0,0,0
0x94c81A1Dbc5C41a5E9962a2D6Da5aA5Ff684259F,null,null,null,null,null,null,null,null,null,null,0,0,0,0,0,0,0
0x6386315CB57C9fd19d979F7a3537926a11Fe1D9d,null,null,null,null,null,null,null,null,null,null,0,0,0,0,0,0,0
0xF95011f89fBC78988720A4F21B8C510600A9E996,null,null,null,null,null,null,null,null,null,null,0,0,0,0,0,0,0
0x8bF269dF72A8Fc66e58d563BF7637f4F0b57FB0F,null,null,null,null,null,null,null,null,null,null,0,0,0,0,0,0,0
0xf66759A7c3Ed893E916d27565b3576F52a4fba5D,null,null,null,null,null,null,null,null,null,null,0,0,0,0,0,0,0
0x2BB8aC48f518e7ccd502BD1817cCEe6C407D20b7,null,null,null,null,null,null,null,null,null,null,0,0,0,0,0,0,0
0xaFdacfEe6395Bc1E480A900943F1803F854BC20e,null,null,null,null,null,null,null,null,null,null,0,0,0,0,0,0,0
0xb98b580532F3d6E190a9792aA5efb9a3BD48f9De,null,null,null,null,null,null,null,null,null,null,0,0,0,0,0,0,0
0x12878A32aDcAB891F5149aed65528373d79F81c3,null,null,null,null,null,null,null,null,null,null,null,null,null,null,null,null,null
0x45B9bB86B94aEFF2D99632b43332Cee84ff4d3ca,null,null,null,null,null,null,null,null,null,null,null,0,0,0,0,0,0
0xa72f859F9c5d6BfCfe3B157049Dd234E3Fa5674c,null,null,null,null,null,null,null,null,null,null,null,0,0,0,0,0,0
0xd7239c5A25DD62983C2b071B25D50111fE009eC1,null,null,null,null,null,null,null,null,null,null,null,0,0,0,0,0,0
0xA1a5122773E891FC306D970FD8d056A7ca31BCfa,null,null,null,null,null,null,null,null,null,null,null,0,0,0,0,0,0
0x86Cfd9e993a39f516661c445C2aae627839aE03d,null,null,null,null,null,null,null,null,null,null,null,null,null,null,null,null,null
0x6e146dc6fd2c5A7308dBE65a57E38DF154DB7B28,null,null,null,null,null,null,null,null,null,null,null,null,0,0,0,0,0
0xeCfD49E5fe88BccABc13d548552c2b906b196334,null,null,null,null,null,null,null,null,null,null,null,null,0,0,0,0,0
0xA8667d6105dF3E17C0bB3a1d4FBc2Fc535a1Db98,null,null,null,null,null,null,null,null,null,null,null,null,null,null,null,null,null
0x8B6F500430DaC53AF11b20bF2878E1f5D4902165,null,null,null,null,null,null,null,null,null,null,null,null,0,0,0,0,0
0x9C0586dDc3117e360e52513fa59F7AA6fA6CF2B8,null,null,null,null,null,null,null,null,null,null,null,null,0,0,0,0,0
0x40447eA85464f629a06ad4Ae418B6d5091E7f2d8,null,null,null,null,null,null,null,null,null,null,null,null,null,null,null,null,null
0xfc0c93135C31A93cAF6add1775713862Ad8EfA6c,null,null,null,null,null,null,null,null,null,null,null,null,0,0,0,0,0
0x18BD02634E3Fd2249A3e8A693AA05442F4747642,null,null,null,null,null,null,null,null,null,null,null,null,0,0,0,0,0
0x6B321fD0a57E6ce17C5663546Fe56535c9f39cb0,null,null,null,null,null,null,null,null,null,null,null,null,null,0,0,0,0
0x97FE6106A62A4b4fb6D929A154E075B3A5FABb34,null,null,null,null,null,null,null,null,null,null,null,null,null,0,0,0,0
0x4B9105d0861A72a80b5013852aBb60ccBC7eA144,null,null,null,null,null,null,null,null,null,null,null,null,null,0,0,0,0
0xcf7280D4BdfB483c6C79D3c16850F90648cD5D25,null,null,null,null,null,null,null,null,null,null,null,null,null,0,0,0,0
0xCDdbAa128AB4Ad84Cb689D8d841b3335c8f86A90,null,null,null,null,null,null,null,null,null,null,null,null,null,0,0,0,0
0x4D95FBAF35Fc5A815983F9df94821C1c089DC02f,null,null,null,null,null,null,null,null,null,null,null,null,null,0,0,0,0
0xE344c40460f30E2cD30D8687204D9906Ea322236,null,null,null,null,null,null,null,null,null,null,null,null,null,0,0,0,0
0x661EFb97E5A16a02d9E56A850DAC945710365787,null,null,null,null,null,null,null,null,null,null,null,null,null,0,0,0,0
0x2945A11956a46EB63Fe5bb376738Ad75A2f4D0ED,null,null,null,null,null,null,null,null,null,null,null,null,null,0,0,0,0
0x26B13c1Bf44C603Faa299A841E29ab29B945c55d,null,null,null,null,null,null,null,null,null,null,null,null,null,0,0,0,0
0x959C33dE5961820567930ECccE51ea715C496f85,null,null,null,null,null,null,null,null,null,null,null,null,null,0,0,0,0
0x7a19a893f91D5B6E2CdF941B6acbbA2CBCF431Ee,null,null,null,null,null,null,null,null,null,null,null,null,null,0,0,0,0
0xDd16BE53C9cfBa8BfF49d772D575bB3104147105,null,null,null,null,null,null,null,null,null,null,null,null,null,null,0,0,0
0x0157CD67f9EFBE2F7D0981a2dDccd8b6c07793DC,null,null,null,null,null,null,null,null,null,null,null,null,null,null,0,0,0
0x2c9775bBd244Dc0591CF2B4Df77407599AC9c59b,null,null,null,null,null,null,null,null,null,null,null,null,null,null,0,0,0
0xa7B91a5d2D5F7bb49598D9F00C76bE300aA69758,null,null,null,null,null,null,null,null,null,null,null,null,null,null,0,0,0
0xC1fdE2AF03bD15fcAf2D4a0DB8d7E532C381E016,null,null,null,null,null,null,null,null,null,null,null,null,null,null,0,0,0
0x028f56a1bF4a12b97BD481a3eDa4450A8d3caFf1,null,null,null,null,null,null,null,null,null,null,null,null,null,null,0,0,0
0x47F53b00f6D67dA01Dd67f1D6ea6E9FbE7416Adf,null,null,null,null,null,null,null,null,null,null,null,null,null,null,0,0,0
0xBF495A1e24aC2156D88F0b4cFfAEbd45E7589801,null,null,null,null,null,null,null,null,null,null,null,null,null,null,0,0,0
0xd291f28554448128d42dD361E8d9c717164293F2,null,null,null,null,null,null,null,null,null,null,null,null,null,null,0,0,0
0x49cf95BB10807f18459A3F163844847220A20bFA,null,null,null,null,null,null,null,null,null,null,null,null,null,null,null,null,null
0x9d8B0DA90dA4Dbd2d5040370F766B5DEEdbC6E65,null,null,null,null,null,null,null,null,null,null,null,null,null,null,0,0,0
0x8e6F6a5A04Adb1A4858c7Eb0bcA87599405d9651,null,null,null,null,null,null,null,null,null,null,null,null,null,null,null,null,null
0x2748b9d23A1f253883ae07829c305e23E46d789b,null,null,null,null,null,null,null,null,null,null,null,null,null,null,0,0,0
0x240688263185805053F0c9e129612ba92D0E5954,null,null,null,null,null,null,null,null,null,null,null,null,null,null,0,0,0
0xf1D3cb7d452d473F9A09D731eaF37BFBaa67938F,null,null,null,null,null,null,null,null,null,null,null,null,null,null,0,0,0
0x319eF44EF10784907e09099f100f56b33a2dA878,null,null,null,null,null,null,null,null,null,null,null,null,null,null,0,0,0
0xf794d631E7CdCe71b1fF97351a02D147ED16bB45,null,null,null,null,null,null,null,null,null,null,null,null,null,null,0,0,0
0xf0D247b4Bc367bF9d3D4770018e6D219A60b2Cb0,null,null,null,null,null,null,null,null,null,null,null,null,null,null,0,0,0
0xD59ad85B44D11A41678aF413F08eaA5ca55043D7,null,null,null,null,null,null,null,null,null,null,null,null,null,null,0,0,0
0xA6b0209315A821170867F958056cc9f336B43bba,null,null,null,null,null,null,null,null,null,null,null,null,null,null,0,0,0
0xd4473ca8C61fEE2b5CfDbB40A7d4EDAb8FaD0Cc7,null,null,null,null,null,null,null,null,null,null,null,null,null,null,null,0,0
0xa04be656Aef62E46AD0Ab093aC41eAE6f5f5C587,null,null,null,null,null,null,null,null,null,null,null,null,null,null,null,0,0
0xCcDF5acd3B13062D6695B582105feB0d77537631,null,null,null,null,null,null,null,null,null,null,null,null,null,null,null,0,0
0x9336511e77338DF89d009B8a5447440748a5d4B7,null,null,null,null,null,null,null,null,null,null,null,null,null,null,null,0,0
0x59540bFd087729DD4583287D50Bc69641c6ed54E,null,null,null,null,null,null,null,null,null,null,null,null,null,null,null,0,0
0x27887B9264FdeA77b5CE5dF84943DCB2349FAc65,null,null,null,null,null,null,null,null,null,null,null,null,null,null,null,0,0
0xB1F1171f13699B071d793c64Fc9422b246f8dd63,null,null,null,null,null,null,null,null,null,null,null,null,null,null,null,0,0
0xd4094F48fb19F246c423D832e11136c2719ccDc3,null,null,null,null,null,null,null,null,null,null,null,null,null,null,null,0,0
0x2B8ad9E7DBEFd7049b3cf17C534F1b6950a7ecE4,null,null,null,null,null,null,null,null,null,null,null,null,null,null,null,0,0
0x4219CEfd011576915c244756864a53f027CE242b,null,null,null,null,null,null,null,null,null,null,null,null,null,null,null,0,0
0x355dF8116962306b02218143C97C37943670d9c3,null,null,null,null,null,null,null,null,null,null,null,null,null,null,null,0,0
0x32FBA3C059bB9DC91227F102E708cC0255fEB8Ee,null,null,null,null,null,null,null,null,null,null,null,null,null,null,null,0,0
0x99DC6A2ed3140afF0E78641D30A7ABbBf9bb0C69,null,null,null,null,null,null,null,null,null,null,null,null,null,null,null,0,0
0xb1C448f29B5E54a82CD7206fA08E73158F10010a,null,null,null,null,null,null,null,null,null,null,null,null,null,null,null,0,0
0xe4f1b77d135df27Ebc754c7E205787C3ea0A1579,null,null,null,null,null,null,null,null,null,null,null,null,null,null,null,0,0
0x7710E593d30872095C7C7b0D962abF935c63a195,null,null,null,null,null,null,null,null,null,null,null,null,null,null,null,0,0
0xe76f218ED471ac32b041fbe02b0025016C16E944,null,null,null,null,null,null,null,null,null,null,null,null,null,null,null,0,0
0x3d986c7e1bcBEDD41957851b17B9Fc1Ce7Da234b,null,null,null,null,null,null,null,null,null,null,null,null,null,null,null,0,0
0xfeEe3A42551FA765D8d1e6A87575b71c60d1d0b2,null,null,null,null,null,null,null,null,null,null,null,null,null,null,null,0,0
0xeFeF5a487410f7ba8B034cDB5a08cc1e3Ba89B3c,null,null,null,null,null,null,null,null,null,null,null,null,null,null,null,null,0
0xEF3e524C56c3e8d8869F19D7aEC3443655e4DFeC,null,null,null,null,null,null,null,null,null,null,null,null,null,null,null,null,0
0x27b86cb2Dd960a2F31a15aE9f108b2990db091fA,null,null,null,null,null,null,null,null,null,null,null,null,null,null,null,null,null
0x7e5Bbe7Bd1f3374484845c6F917a11EcbCf93F94,null,null,null,null,null,null,null,null,null,null,null,null,null,null,null,null,0
0xeC79EB978e452b693507dC9F40A56b97253903E2,null,null,null,null,null,null,null,null,null,null,null,null,null,null,null,null,0
0x8A89151c38c3883e0182aDe89630F795beCa487e,null,null,null,null,null,null,null,null,null,null,null,null,null,null,null,null,null
0xC2654a41EB42F1573EC89850d1070A884207CC97,null,null,null,null,null,null,null,null,null,null,null,null,null,null,null,null,0
0x297346071C1Ee96A85D21C5c9F0987994303e8dE,null,null,null,null,null,null,null,null,null,null,null,null,null,null,null,null,0
0x179333D916493a1A04bABDF4a5F1F7EBF13E84dc,null,null,null,null,null,null,null,null,null,null,null,null,null,null,null,null,0
0x31116bc5965FCD78e4Ef3B78e46A1d25b53D2633,null,null,null,null,null,null,null,null,null,null,null,null,null,null,null,null,0
0x41B321a82dA5D809FE3A5534Ed5F168411F3CfB8,null,null,null,null,null,null,null,null,null,null,null,null,null,null,null,null,0
0xF96023111267D540396CA5c4161b3846375C3b73,null,null,null,null,null,null,null,null,null,null,null,null,null,null,null,null,0
0xAeBFfd05F90df9C0Cb3967d6c6bE7D3d1ddDadb2,null,null,null,null,null,null,null,null,null,null,null,null,null,null,null,null,null
0xdE8ef995df2990792FFB6D4Aa8978CA82e4cF285,null,null,null,null,null,null,null,null,null,null,null,null,null,null,null,null,0
0x694cd355c941EaD85B3734e5B6618FcbEC43Cc1c,null,null,null,null,null,null,null,null,null,null,null,null,null,null,null,null,null
0x1A04e4FCed95F6Feeb35Ac3CDFA4406CC58613c9,null,null,null,null,null,null,null,null,null,null,null,null,null,null,null,null,null
0xf9530B545Bbc92f85B4Ab0b76F272F070440EB6b,null,null,null,null,null,null,null,null,null,null,null,null,null,null,null,null,null
0xCF34876663B6CB1556153E120B5dD4bF12D72c20,null,null,null,null,null,null,null,null,null,null,null,null,null,null,null,null,null
0x313fe4977C6630F1B4ffD9f57864e08eA4Ff72B8,null,null,null,null,null,null,null,null,null,null,null,null,null,null,null,null,null
0x2AB516c9a76461F6cbE18F6A6836d05D9E02cEfF,null,null,null,null,null,null,null,null,null,null,null,null,null,null,null,null,null
0x11B8B79eB7b8e5Ee97E06f5798E575d90ef3C781,null,null,null,null,null,null,null,null,null,null,null,null,null,null,null,null,null
0x04b39C2a507AC2Fc091eEE0c4379B341d890c1dd,null,null,null,null,null,null,null,null,null,null,null,null,null,null,null,null,null
0x7043be25dA95cB39CDaAdC80F68Cf4066A5146d4,null,null,null,null,null,null,0,0,0,0,0,0,0,0,0,0,0
0x7B2D5C63D3671092d3d44671717eA78018164661,null,null,null,null,null,null,0,0,0,0,0,0,0,0,0,0,0
0xa3483b08C8A0F33eB07afF3A66fbcaf5C9018CDC,null,null,null,null,null,null,0,0,0,0,0,0,0,0,0,0,0
0x3B4446ACD9547D0183811F0E7c31b63706295f52,null,null,null,null,null,null,1,1,1,1,1,1,1,1,1,1,1
0x8374f5CC22eDA52e960D9558fb48DD4b7946609a,null,null,null,null,null,null,1,1,1,1,1,1,1,1,1,1,1
0xD958b51bC95338D152D55BEEd17a156e8aeC4c9f,null,null,null,null,null,null,1,1,1,1,1,1,1,1,1,1,1
0x61a9C3eE0fdC982630ccb79FfB53F277Bc545606,null,null,null,null,null,null,null,0,0,0,0,0,0,0,0,0,0
0x9018e2967c15E1fAed9B5D6439522F075535a683,null,null,null,null,null,null,null,1,1,1,1,1,1,1,1,1,1
0xe727bba699fbE82A731daD9476b5234d0038cFa1,null,null,null,null,null,null,null,1,1,1,1,1,1,1,1,1,1
0xce44C75d3C2864421Df2A1D2f068d8dA8375F579,null,null,null,null,null,null,null,0,0,0,0,0,0,0,0,0,0
0x3c401B518252aBE3BBBf898A44939699E7dA1634,null,null,null,null,null,null,null,1,1,1,1,1,1,1,1,1,1
0xd51Ead1dAA49bf10cF495430b8826780966130EF,null,null,null,null,null,null,null,0,0,0,0,0,0,0,0,0,0
0x59622442B567187157b85d6928A6c56e1E0841CA,null,null,null,null,null,null,null,1,1,1,1,1,1,1,1,1,1
0xB9371963069cee6DF7d153A9E6B45Fc90cb6743b,null,null,null,null,null,null,null,1,1,1,1,1,1,1,1,1,1
0xE9712E9d4635f4c6937E9982A1596C64F0968A4c,null,null,null,null,null,null,null,1,1,1,1,1,1,1,1,1,1
0xB72cEd50dCD6C8a146A4f009F323151087F86E3B,null,null,null,null,null,null,null,1,1,1,1,1,1,1,1,1,1
0xDff42ad7eF3dD8e8Dc5E677A724f509790A4eC5e,null,null,null,null,null,null,null,1,1,1,1,1,1,1,1,1,1
0x98F47873A6B1558Ec558f1bA3BC2546966d7E0bA,null,null,null,null,null,null,null,1,1,1,1,1,1,1,1,1,1
0x096B7382500fA11c22C54c0422c5E38899a2e933,null,null,null,null,null,null,null,1,1,1,1,1,1,1,1,1,1
0x3A2c6e618B72f2047f5BE10570582d41840b8e78,null,null,null,null,null,null,null,0,0,0,0,0,0,0,0,0,0
0xAec076C43AcC2E0db807ee4D63bd8D48A24643e4,null,null,null,null,null,null,null,0,0,0,0,0,0,0,0,0,0
0xb87824547dB80F1fb37D0225B99F1A602f8642AD,null,null,null,null,null,null,null,1,1,1,1,1,1,1,1,1,1
0x173926D7ecf7B3508bA7759c2EE536412C53eEEC,null,null,null,null,null,null,null,1,1,1,1,1,1,1,1,1,1
0x634F33e4100880a89D1f3b74B906a49923fc38EB,null,null,null,null,null,null,null,1,1,1,1,1,1,1,1,1,1
0x627A6eBfc21a2dC63eFaC99A68C8e0d85C25bCe8,null,null,null,null,null,null,null,0,0,0,0,0,0,0,0,0,0
0xB49180D443dC4Ca6028de0031Ac09337891fd8cE,null,null,null,null,null,null,null,1,1,1,1,1,1,1,1,1,1
0x44BC652e977c0A40905ea9D0eb0da1a148358d61,null,null,null,null,null,null,null,1,1,1,1,1,1,1,1,1,1
0xABFF46330bc70e19673b280d2F77F6BbB485F029,null,null,null,null,null,null,null,1,1,1,1,1,1,1,1,1,1
0x9Ed1a2bc358C216483b6D52b9C404B766E2c87c0,null,null,null,null,null,null,null,1,1,1,1,1,1,1,1,1,1
0xEE191006F786005A70E3F6f7c9bb279De9753807,null,null,null,null,null,null,null,null,0,0,0,0,0,0,0,0,0
0x4CCE413F565f8a9E2a25D9d270a9A36061f4439d,null,null,null,null,null,null,null,null,1,1,1,1,1,1,1,1,1
0xF3fFAEaF1DA13bE6E101c78554AbCfB1c93a4Db8,null,null,null,null,null,null,null,null,1,1,1,1,1,1,1,1,1
0x09d7d329a642EF73402360B9A1039BF6BC342c02,null,null,null,null,null,null,null,null,0,0,0,0,0,0,0,0,0
0xEd5868F9ec0651F5A9797fAD4716c1269B776730,null,null,null,null,null,null,null,null,1,1,1,1,1,1,1,1,1
0x0fa647372d8535054f3A9C269F1c5d8299fD0bF6,null,null,null,null,null,null,null,null,1,1,1,1,1,1,1,1,1
0x17728339e98E8ECc37D83701d2686Fde434664aa,null,null,null,null,null,null,null,null,1,1,1,1,1,1,1,1,1
0x1e91BBd6bf9A7cbfD8Da173162012512Cd32bc56,null,null,null,null,null,null,null,null,1,1,1,1,1,1,1,1,1
0xCAc7000C7dBaa2E33Af15325AF5D435E011C7BdD,null,null,null,null,null,null,null,null,1,1,1,1,1,1,1,1,1
0x305E14E760862d558D50271c353d388d094A6e8f,null,null,null,null,null,null,null,null,1,1,1,1,1,1,1,1,1
0x02AeaC9ca07bc56F37d5ec61B28a3DfFD7CFF0A3,null,null,null,null,null,null,null,null,1,1,1,1,1,1,1,1,1
0xa18D7182D5935578958a07Fd7E9d062dDD418761,null,null,null,null,null,null,null,null,0,0,0,0,0,0,0,0,0
0x1a54BE38F6EE09a73230CEDbCbB9eb8bc5C4E8D0,null,null,null,null,null,null,null,null,0,0,0,0,0,0,0,0,0
0x52EB64eE50257221b23A6D7Cf3992d999EB480c8,null,null,null,null,null,null,null,null,0,0,0,0,0,0,0,0,0
0x0150C34b0f1fb58B755322E7DcFA42d2DF390Ad4,null,null,null,null,null,null,null,null,1,1,1,1,1,1,1,1,1
0xAa57758209571030173102e53fD07211ce93C397,null,null,null,null,null,null,null,null,null,1,1,1,1,1,1,1,1
0x1A23dF8AF55D1009Fc19108D48fAdCe1901fE672,null,null,null,null,null,null,null,null,null,1,1,1,1,1,1,1,1
0x070F98b1eC27942F613A73d9e22d0ba60E211668,null,null,null,null,null,null,null,null,null,3,3,3,3,3,3,3,3
0x263B56fC1e2CceE1c5ae751DcCF0a2Fd6b400b8c,null,null,null,null,null,null,null,null,null,1,1,1,1,1,1,1,1
0x8F41Cc0D0Af401e9BEA4bA12C58697aFFd826722,null,null,null,null,null,null,null,null,null,1,1,1,1,1,1,1,1
0x1C523996Cb7Cb5b0a4A48d8097E45093626b23F0,null,null,null,null,null,null,null,null,null,1,1,1,1,1,1,1,1
0x258c09146b7a28Dde8d3e230030e27643F91115F,null,null,null,null,null,null,null,null,null,0,0,0,0,0,0,0,0
0x33cA8b5377c9776eb59863Fb63814dc00a5CB10D,null,null,null,null,null,null,null,null,null,0,1,1,1,1,1,1,1
0x3c2769Fff8F525B64d2dd974e17aa50F9E9ABC0a,null,null,null,null,null,null,null,null,null,1,1,1,1,1,1,1,1
0x94CfDeC548De92301735dc0B82d8e1f79404ff94,null,null,null,null,null,null,null,null,null,1,1,1,1,1,1,1,1
0xd29DFe5aE95B5C067a91F472Dac0d9be6700A4A9,null,null,null,null,null,null,null,null,null,1,1,1,1,1,1,1,1
0x6fFb4469DE9D4a4118710Ff6651933Ee92f6b205,null,null,null,null,null,null,null,null,null,1,1,1,1,1,1,1,1
0x19Df848c0E45e0Ff7c2a78C173fD80afb195278A,null,null,null,null,null,null,null,null,null,null,1,1,1,1,1,1,1
0xDf4F03a9752a13a38DE19dca7702f834D16Ae22B,null,null,null,null,null,null,null,null,null,null,1,1,1,1,1,1,1
0xb090C8dd5ddd7f505a2a4b66879a8a2b0962a963,null,null,null,null,null,null,null,null,null,null,1,1,1,1,1,1,1
0xFcE0dD46B8525A500E84902fF12F3B7268Dd94cc,null,null,null,null,null,null,null,null,null,null,0,0,0,0,0,0,0
0xa1FA1A8E56CcB5D148c428F88ad8f514e3E1E365,null,null,null,null,null,null,null,null,null,null,1,1,1,1,1,1,1
0xC5Ef7b474002E8F28788546a710c400787f0e8c9,null,null,null,null,null,null,null,null,null,null,1,1,1,1,1,1,1
0xAd8d3a5d2d92EB14bB56CA9f380be35b8EFE0c04,null,null,null,null,null,null,null,null,null,null,1,1,1,1,1,1,1
0x4a17e8aADB151f9E220cA165C65128153951cfb9,null,null,null,null,null,null,null,null,null,null,1,1,1,1,1,1,1
0x61C5E2A298f40DBB2adEE3b27C584AdAD6833BaC,null,null,null,null,null,null,null,null,null,null,1,1,1,1,1,1,1
0xBC0B62bac4707Ec60Da31Da636842f63c488Ed18,null,null,null,null,null,null,null,null,null,null,0,0,0,0,0,0,0
0x1377065D347F9e7Bee6aBbe02302d5d97078Ce8d,null,null,null,null,null,null,null,null,null,null,1,1,1,1,1,1,1
0xA73D31450476Be898Fa94937B7994276639dE51c,null,null,null,null,null,null,null,null,null,null,null,0,0,0,0,0,0
0xEb94bd9eAf26f033e32B33D1178Dd2B5B532271A,null,null,null,null,null,null,null,null,null,null,null,null,0,0,0,0,0
0x0a0cb39d974f8492F7B1b200b430ceC972619C20,null,null,null,null,null,null,null,null,null,null,null,null,1,1,1,1,1
0xc784626571C2C25cD2CFe24192a149CAD86D40d8,null,null,null,null,null,null,null,null,null,null,null,null,1,1,1,1,1
0x7820280130bB24cE8C8305366B86296BDaFE0359,null,null,null,null,null,null,null,null,null,null,null,null,1,1,1,1,1
0xAefd94F2b04B219ae2156B3a00A5E415Bff061C0,null,null,null,null,null,null,null,null,null,null,null,null,null,0,0,0,0
0x5f8940E52F4b8552f62773717AC13794D6342B2C,null,null,null,null,null,null,null,null,null,null,null,null,null,0,0,0,0
0xa580086125d040FDdD3aF9D563285bd0ec4d13e3,null,null,null,null,null,null,null,null,null,null,null,null,null,1,1,1,1
0x5F6AA25F22Edb2347b464312e2508cbc4c6E0162,null,null,null,null,null,null,null,null,null,null,null,null,null,1,1,1,1
0x44b10Ed35f9933240903a0CbaB663572F60dD430,null,null,null,null,null,null,null,null,null,null,null,null,null,1,1,1,1
0x539dd9aAF45C3feB03f9C004f4098bd3268FeF6b,null,null,null,null,null,null,null,null,null,null,null,null,null,0,0,0,0
0xC8158DA0b567A8cc898991c2c2A073aF67DC03a9,null,null,null,null,null,null,null,null,null,null,null,null,null,0,0,0,0
0x67b0Daefc2B124CfDB1e52815EfA89a84a097BE8,null,null,null,null,null,null,null,null,null,null,null,null,null,1,1,1,1
0x108645f0CF8df0369bb718bC341E1Fe9Aa08EA0d,null,null,null,null,null,null,null,null,null,null,null,null,null,1,1,1,1
0xFeca44bdcEF59D54e2545BDeb8029eAf26038153,null,null,null,null,null,null,null,null,null,null,null,null,null,1,1,1,1
0x03E1f1BeD310Cc46FD69DC12db4a4089Bf19Ed5b,null,null,null,null,null,null,null,null,null,null,null,null,null,1,1,1,1
0x0AD0F3c60696adECe09367a9A11C968FB88560bb,null,null,null,null,null,null,null,null,null,null,null,null,null,1,1,1,1
0xb3DE3FbF82C14D6ea7ABACfF5bc8cCce34D101FD,null,null,null,null,null,null,null,null,null,null,null,null,null,1,1,1,1
0xbA95C0E91e06cf60197f247F4bCFF03fC32300Db,null,null,null,null,null,null,null,null,null,null,null,null,null,null,0,0,0
0x3DfFFfc010d080F35887154454b5518023c7Cd51,null,null,null,null,null,null,null,null,null,null,null,null,null,null,1,1,1
0xe0Abfa34869ee760b3901804242a6A43aa56Cf33,null,null,null,null,null,null,null,null,null,null,null,null,null,null,1,1,1
0x25ebB1294d87c7eFe83F1DCA5672752dD3dF5C69,null,null,null,null,null,null,null,null,null,null,null,null,null,null,1,1,1
0xd068e1A62cBB450fcB391bC745b045aeF58BA349,null,null,null,null,null,null,null,null,null,null,null,null,null,null,0,0,0
0xC3e95B681DB598217Ee260653fb5bABa83507CfB,null,null,null,null,null,null,null,null,null,null,null,null,null,null,0,0,0
0x6fd8E86c2BE7D006c88a76Ce3D188fdFfbea9B03,null,null,null,null,null,null,null,null,null,null,null,null,null,null,0,0,0
0x365e164e34dd018a140ECf20dcbAfB15b5e59334,null,null,null,null,null,null,null,null,null,null,null,null,null,null,0,0,0
0x3320e23c0F3A98Be343b89291f47812D3E3E7237,null,null,null,null,null,null,null,null,null,null,null,null,null,null,null,0,0
0x985Fe3bB6623C741463785E824135fB636263257,null,null,null,null,null,null,null,null,null,null,null,null,null,null,null,0,0
0x0e75b718F494e5B6468Fb6B292E3Ee5B0Ef4D29e,null,null,null,null,null,null,null,null,null,null,null,null,null,null,null,0,0
0x43B2Cd9B87D938d13CF13cd922D15a59C0Fe3ca9,null,null,null,null,null,null,null,null,null,null,null,null,null,null,null,1,1
0xfCD7B825Fbc8cbfF3838901c6e9791D4dAeD0c9b,null,null,null,null,null,null,null,null,null,null,null,null,null,null,null,0,0
0x485c50E6eF834eCd0d9089dc95422c93B6De675f,null,null,null,null,null,null,null,null,null,null,null,null,null,null,null,1,1
0x73a69FD210AB7203D54BFF2EA60C8645c6d63494,null,null,null,null,null,null,null,null,null,null,null,null,null,null,null,1,1
0xa48c5265492c19dBc9F330c4360f3B931b4b2aDa,null,null,null,null,null,null,null,null,null,null,null,null,null,null,null,1,1
0x8dd416F90c4a3Da8E9C80037dAd7025d9d72D358,null,null,null,null,null,null,null,null,null,null,null,null,null,null,null,0,0
0xDB4C1118eb1B9760765a8715ec1Cee84c0A6CCcE,null,null,null,null,null,null,null,null,null,null,null,null,null,null,null,0,0
0xFF9bC7de36E26B8B1505073eC7cEBc38033EA8d5,null,null,null,null,null,null,null,null,null,null,null,null,null,null,null,0,0
0xf5a888D74E8Ecf55937Dbd0A5254518A76F089C6,null,null,null,null,null,null,null,null,null,null,null,null,null,null,null,1,1
0x318143cFd742FB637f4833FF0EAfEe66c9a35327,null,null,null,null,null,null,null,null,null,null,null,null,null,null,null,1,1
0x640fa67076DDE91b73189Eb60FB3492365B57e8a,null,null,null,null,null,null,null,null,null,null,null,null,null,null,null,1,1
0x67b1E40D8e5C28b155E7fA9F7469Fa03c693f74D,null,null,null,null,null,null,null,null,null,null,null,null,null,null,null,0,0
0xfE9bDbAee499B58FC25D458cbfA7D8114Cf45EFd,null,null,null,null,null,null,null,null,null,null,null,null,null,null,null,0,0
0x6fdad584846bE6B1ab7d1eeDb1C3e4bf5D86F5E1,null,null,null,null,null,null,null,null,null,null,null,null,null,null,null,0,0
0x56019161B5FeC9830C3C6C31BF261b84B2807971,null,null,null,null,null,null,null,null,null,null,null,null,null,null,null,0,0
0x46D8a41eB187c352F680ce027bBFf58b1ecDf48d,null,null,null,null,null,null,null,null,null,null,null,null,null,null,null,0,0
0x77045E71a7A2c50903d88e564cD72fab11e82051,null,null,null,null,null,null,null,null,null,null,null,null,null,null,null,null,0
0x7c95893669Ecb3714Ef06179bfe36de16Cf864A3,null,null,null,null,null,null,null,null,null,null,null,null,null,null,null,null,1
0x5ccDc75f617a2679533319A1e098863BdE50B63A,null,null,null,null,null,null,null,null,null,null,null,null,null,null,null,null,0
0x6A48525845109aDcbe2Ca672A67f1A0Ab478cE58,null,null,null,null,null,null,null,null,null,null,null,null,null,null,null,null,1
0x32060A0948c8a8068F6145AB225452bDB2c6e650,null,null,null,null,null,null,null,null,null,null,null,null,null,null,null,null,1
0x5B04aC73400E8995ae8A6aD59a63b39eF7D993Bf,null,null,null,null,null,null,null,null,null,null,null,null,null,null,null,null,0
0x96d95BB975B80502c80FF2370e400387C226f998,null,null,null,null,null,null,null,null,null,null,null,null,null,null,null,null,1
0x5fDa63dB52beB47215B33620c71F45c6a49DF1F4,null,null,null,null,null,null,null,null,null,null,null,null,null,null,null,null,1
0x94F6584Bb08a737f6Ed44da8bc18a05DA3E90aCC,null,null,null,null,null,null,null,null,null,null,null,null,null,null,null,null,1
0x418B25158A556AC70f07c85Ff4b29d58078cf395,null,null,null,null,null,null,null,null,null,null,null,null,null,null,null,null,1
0x759Ad41608DDed2e704CC370edE5279D24239a87,null,null,null,null,null,null,null,null,null,null,null,null,null,null,null,null,1
0x048f938e044de9753d3876e280a3d164c22326Ba,null,null,null,null,null,null,null,null,null,null,null,null,null,null,null,null,1
0xDC6F354C54cf308114Fee92A8db3a84408aCebaD,null,null,null,null,null,null,null,null,null,null,null,null,null,null,null,null,1
0x899Ac32B5142De6DcDf340d5e31982e7c93A13D9,null,null,null,null,null,null,null,null,null,null,null,null,null,null,null,null,1
0xB55fe813B1bD93B9E7720C07Fb7D600221073bc9,null,null,null,null,null,null,null,null,null,null,null,null,null,null,null,null,1
0xF274972688D5c7E455eFE327a2aE43De6216C8BA,null,null,null,null,null,null,null,null,null,null,null,null,null,null,null,null,1
0xD0dcA47E54A8B6AC0d05E0D7E3D55B6CB924426e,null,null,null,null,null,null,null,null,null,null,null,null,null,null,null,null,1
0xb57068F9099c9985807Fb1a63600A90D18a9EA59,null,null,null,null,null,null,null,null,null,null,null,null,null,null,null,null,1
0x68a04d1A0E4b39d2c72D7E65f6ef457B272A28A1,null,null,null,null,null,null,null,null,null,null,null,null,null,null,null,null,1
0xe049f0c7BFd4ee4bc21DA45DAFbF54cE11286DE3,null,null,null,null,null,null,null,null,null,null,null,null,null,null,null,null,1
0xD39A3877f51099867b2f57f13673967f69722baB,null,null,null,null,null,null,null,null,null,null,null,null,null,null,null,null,null
0x33e98638ea7F2C2fd83731528fb53802Af395D13,null,null,null,null,null,null,null,3,3,3,3,3,3,3,3,3,3
0xd4eaE4ae8565F3ECf218191FB267941D98a2c77A,null,null,null,null,null,null,null,5,5,5,5,5,5,5,5,5,5
0xb0dF134583628499F449aA9aFE9015e24A6E3187,null,null,null,null,null,null,null,6,6,6,6,6,6,6,6,6,6
0xAa681a1f3237d61283dAD56Acd7f8D9a1e6adC06,null,null,null,null,null,null,null,1,1,1,1,1,1,1,1,1,1
0x7573ACa378B8417623caD233954fdE810CaD9fB4,null,null,null,null,null,null,null,6,6,6,6,6,6,6,6,6,6
0xDBB576b5B0e7BF0570A981AAb3AD39A0c5F19EB1,null,null,null,null,null,null,null,2,2,2,2,2,2,2,2,2,2
0x40F457d7D8430bC6D03609b81Cc2E95b7bEFb01a,null,null,null,null,null,null,null,2,2,2,2,2,2,2,2,2,2
0x05FE1822845381c20abf02FF0621D35a07570472,null,null,null,null,null,null,null,1,1,1,1,1,1,1,1,1,1
0x63d45F78197DeB5Ea5761Caf292b0AB4b7aC2f70,null,null,null,null,null,null,null,3,null,null,null,null,null,null,null,null,null
0x125B606C67E8066Da65069652b656c19717745Fa,null,null,null,null,null,null,null,null,3,3,3,3,3,3,3,3,3
0xf30Bf3DCB1FA1Ce1427AE586C54a95Fce48F7DB2,null,null,null,null,null,null,null,null,1,1,1,1,1,1,1,1,1
0x4C5a2d876421BcF8518c34778b652a63D463B56e,null,null,null,null,null,null,null,null,1,1,1,1,1,1,1,1,1
0x553C1C567401215C057A972AA823a516E5f1eB1a,null,null,null,null,null,null,null,null,1,1,1,1,1,1,1,1,1
0x709013617BB52c49003a9c8F3035Ef9ec9912B17,null,null,null,null,null,null,null,null,4,4,4,4,4,4,4,4,4
0xad5e5A5Bc4654dbeF0d5CABD7ABeB426769C073a,null,null,null,null,null,null,null,null,6,7,7,7,7,7,7,7,7
0xdf373f3Dab2561668e239cA6e43a8c6aaeB3f825,null,null,null,null,null,null,null,null,7,7,7,7,7,7,7,7,6
0x9E15f66B34edc3262796ef5E4D27139C931223f0,null,null,null,null,null,null,null,null,3,3,3,3,3,3,3,3,3
0x012a5642306B0DeB8D65F281d289998223dfB7C7,null,null,null,null,null,null,null,null,null,2,2,2,2,2,2,2,2
0x8dD3Da3fAB45051Ed2Cd677c0e53c9dE0011944c,null,null,null,null,null,null,null,null,null,1,1,1,1,1,1,1,1
0xAE3703584494Ade958AD27EC2d289b7a67c19E90,null,null,null,null,null,null,null,null,null,2,2,2,2,2,2,2,2
0xD8253352f6044cFE55bcC0748C3FA37b7dF81F98,null,null,null,null,null,null,null,null,null,2,2,2,2,2,2,2,2
0x85eC166cB81f5010B4a8d365821473DAc0c0AA88,null,null,null,null,null,null,null,null,null,2,2,2,2,2,2,2,2
0x94BefC001E203F141462F16BDE60873BcEFAe401,null,null,null,null,null,null,null,null,null,2,2,2,2,2,2,2,2
0x11fE5f00CB9C5De83c13f3B520900D665927Fc39,null,null,null,null,null,null,null,null,null,3,3,3,3,3,3,3,3
0x91601CBAb0bD60A0BC314a409da5070f135BeC6E,null,null,null,null,null,null,null,null,null,5,5,5,5,5,5,5,5
0xBCd159845b81E35a0b5aFF57FECCD0b3114791Ab,null,null,null,null,null,null,null,null,null,2,2,null,null,null,null,null,null
0xE7B3A5522a9E1Fbfc7Ccc77B8f0B56c341C76498,null,null,null,null,null,null,null,null,null,2,2,2,2,2,2,2,2
0x35F0729966012509BFc40c495f469D538e531712,null,null,null,null,null,null,null,null,null,null,6,6,6,6,6,6,6
0x5EaA4180e1Ecc408f65Cae32711C794BD04C1267,null,null,null,null,null,null,null,null,null,null,2,2,2,2,2,2,2
0x1EcEc47EC9F60c6040bc2241d60Fba13edE0e83F,null,null,null,null,null,null,null,null,null,null,3,3,3,3,3,3,3
0x0a105Bf0e4eD0D55F1867694ACa81cC84e613d32,null,null,null,null,null,null,null,null,null,null,3,3,3,3,3,3,3
0x3e5E1Fe257a6A28dd2001bA84561BfBf9C7C78Cd,null,null,null,null,null,null,null,null,null,null,0,0,0,0,0,0,0
0xa50156cF80fa9eC2e16899E4fb7e072300787417,null,null,null,null,null,null,null,null,null,null,9,9,9,9,9,9,9
0xE7CA5a8e75Ef17f845C14A85C50e39B0DD30B8B7,null,null,null,null,null,null,null,null,null,null,2,2,2,2,2,2,2
0xF4a44aDDDb8D2b0d3e54016E9AC07359B6be9446,null,null,null,null,null,null,null,null,null,null,2,2,2,2,2,2,2
0x4d6387f3B967dA39B11DE111158D49754C31985d,null,null,null,null,null,null,null,null,null,null,null,4,4,4,4,4,4
0x5B02e5Df994497Cb6D50237ca83F295e18C4a841,null,null,null,null,null,null,null,null,null,null,null,3,3,3,3,3,3
0x4D4D551Bd6244b854E732572902f19F4ccaA6996,null,null,null,null,null,null,null,null,null,null,null,1,1,1,1,1,1
0xe6391fFF899CfCCC80e19b7ba39BBee15393554E,null,null,null,null,null,null,null,null,null,null,null,2,2,2,2,2,2
0x08FA71df368d8eD1efb3822d9C06dd2530c12A14,null,null,null,null,null,null,null,null,null,null,null,1,1,1,1,1,1
0x7aeb94b5db9EE3474F03b974ADC40b409Ac78f98,null,null,null,null,null,null,null,null,null,null,null,2,2,2,2,2,2
0x6b211fdc0d944a84bba8534d631Fad9262ba80b8,null,null,null,null,null,null,null,null,null,null,null,null,2,2,2,2,2
0x84DE2b14014D96Df07BFEF8792FF85bA929c8656,null,null,null,null,null,null,null,null,null,null,null,null,0,0,0,0,0
0x21CCC283F44A7d22da4E3728e659A29B247030DF,null,null,null,null,null,null,null,null,null,null,null,null,null,0,0,0,0
0xb3fB883CbbCCB0551DaF1507F87426Fd38da087E,null,null,null,null,null,null,null,null,null,null,null,null,null,1,1,1,1
0x3edDc7ebC7db94f54b72D8Ed1F42cE6A527305bB,null,null,null,null,null,null,null,null,null,null,null,null,null,6,6,6,6
0x29a7750c825aef71c50f3e04f0A47093317CF22e,null,null,null,null,null,null,null,null,null,null,null,null,null,1,1,1,1
0xE6F13C5Af166f8C732873Ae069f53Fa4cbF1230f,null,null,null,null,null,null,null,null,null,null,null,null,null,2,2,2,2
0xA1A040D54C897B7e7476CEa14525C5C2Ab7C3C00,null,null,null,null,null,null,null,null,null,null,null,null,null,null,3,3,3
0x9255BA5273B02A8d3191747d745Ad95E4D057f49,null,null,null,null,null,null,null,null,null,null,null,null,null,null,3,3,3
0xF2352E5f162877c8250BBEbC9ed52f859875DbD2,null,null,null,null,null,null,null,null,null,null,null,null,null,null,2,2,2
0x0Cb61c9690c48A38dbb06d80b8EA8f0406ad1227,null,null,null,null,null,null,null,null,null,null,null,null,null,null,1,1,1
0xa96904cB3c5d4714147Ae2cE1da3652739f7Ffda,null,null,null,null,null,null,null,null,null,null,null,null,null,null,2,2,2
0x8175dC93c897dD26b48B76bE509022c1047DEA00,null,null,null,null,null,null,null,null,null,null,null,null,null,null,2,2,2
0xcB09a0f188d34fB5Fc2D47984668D35523e5dFDA,null,null,null,null,null,null,null,null,null,null,null,null,null,null,5,5,5
0x2DEa8677A17aBbDe274d4E917EC0aA5733eaEB5b,null,null,null,null,null,null,null,null,null,null,null,null,null,null,2,2,2
0xcd53FfA7edb8B1A4E12EFCBaEd04ce53Ac1b6511,null,null,null,null,null,null,null,null,null,null,null,null,null,null,2,2,2
0xfc4cd838576b7Daf7FC8C6961E50D937fed13bb6,null,null,null,null,null,null,null,null,null,null,null,null,null,null,null,2,2
0x8AA5a9b7c20C76DC43955200850752dbdb9C2acF,null,null,null,null,null,null,null,null,null,null,null,null,null,null,null,2,2
0xD5f5120d1FDFDa5eF60FCA1f81d709F0432738af,null,null,null,null,null,null,null,null,null,null,null,null,null,null,null,4,4
0x6808C5Ce5EF4780fD94dCe16c0C162f69D21Ed50,null,null,null,null,null,null,null,null,null,null,null,null,null,null,null,null,3
0x89370C858DA0cE5CD640e84D9c85220aaf587CE9,null,null,null,null,null,null,null,null,null,null,null,null,null,null,null,null,2
0xD9cCF0f2476E2A98e298223c578E60DB2e4cEb28,null,null,null,null,null,null,null,null,null,null,null,null,null,null,null,null,4
0xA7CCc24FAc44cC181F7bF352dE8f468D8BD9CD63,null,null,null,null,null,null,null,null,null,null,null,null,null,null,null,null,5
0x27fD1c9ABCfB81E4E4Db717F823724516F3F38B1,null,null,null,null,null,null,null,null,null,null,null,null,null,null,null,null,4
0x2aC71138b0f57a2A4dEb69A6BAc6cce1A34ff9f9,null,null,null,null,null,null,null,null,null,null,null,null,null,null,null,null,2
0xb8b4896dC15396F7bE6690785205788D86A8557c,null,null,null,null,null,null,null,null,null,null,null,null,null,null,null,null,3
0x7368911D7Ef2298F45D2f8E4c2AB21fC8e474515,null,null,null,null,null,null,null,null,null,null,null,null,null,null,null,null,3
0xDeed9FbEAf217B7Ac19912eDD4c8fEc6c98caea8,null,null,null,null,null,null,null,null,null,null,null,null,null,null,null,null,0
0xfedD20EF3e0e8b25b169cE78cAeFB65393ECa440,null,null,null,null,null,null,null,null,null,null,null,null,null,null,null,null,1
0x930DBD387D59B080C5Cca2943DA7776CCDca51a5,null,null,null,null,null,null,null,null,null,null,null,null,null,null,null,null,2
0x630ea66C8C5Dc205d45a978573fA86dF5aF1fe7A,null,null,null,null,null,null,3,3,3,3,3,3,3,3,3,3,3
0xd94BAdbEC21695B7a36ABCb979EFad0108319d18,null,null,null,null,null,null,null,21,23,23,25,27,27,27,27,27,27
0x7717eFE25b65c8c0fcb97A170B086C17b025A1e1,null,null,null,null,null,null,null,4,4,4,4,4,4,4,4,4,4
0xD2ECCDe805e888ae37646544d60185b842ff3D6b,null,null,null,null,null,null,null,2,2,2,2,2,2,2,2,2,2
0x5fC8AeFc86884f0792995c015ff12647fafA0d83,null,null,null,null,null,null,null,9,9,9,8,8,8,8,8,8,8
0xBCa021A5B83eF3109aCf4858f1d0E36f5aD15306,null,null,null,null,null,null,null,7,7,7,7,7,7,7,7,7,7
0x1e918DdDfAF23688EfD884e60F0D13Cf04B422c1,null,null,null,null,null,null,null,10,10,10,10,10,10,10,10,10,10
0x7320f8461BbC8104c677FeC0429cC0d963a5Ac40,null,null,null,null,null,null,null,3,8,8,8,8,8,8,8,8,8
0xC3858ea3c634691143AEe216F3e832db9165889a,null,null,null,null,null,null,null,7,7,7,7,7,7,7,7,7,7
0x7AF6Af3d4491A161670837d0737baDA43FfbB992,null,null,null,null,null,null,null,4,4,4,4,4,4,4,4,4,4
0x4364Eff50D20cA13EC7Ec6E9b0F7529A1F39df3C,null,null,null,null,null,null,null,3,3,3,3,3,3,3,3,3,3
0xFcA662d5d0af161b8fa6986e7901348c0e3cAaeD,null,null,null,null,null,null,null,null,3,3,3,3,3,3,3,3,3
0x2272D8d4dEc7DF90a36f03EFF778DECc6918F1A9,null,null,null,null,null,null,null,null,6,6,6,6,6,6,6,6,6
0x90AB39213f1D947e2A3b8936AC37dcA2556A9ECe,null,null,null,null,null,null,null,null,3,3,3,3,3,3,3,3,3
0x5Fe5B7546D1628f7348B023A0393de1FC825A4fD,null,null,null,null,null,null,null,null,10,10,10,10,10,10,10,10,10
0xA02CE4399D1B4A445f9ddB17542266bD629f25DE,null,null,null,null,null,null,null,null,3,3,3,3,3,3,3,3,3
0x93e8f703C29337500d426549633F2Be43d63A0fA,null,null,null,null,null,null,null,null,6,6,6,6,6,6,6,6,6
0x45f4054E7384d9c4B5be63D3927d9b7D18781FdC,null,null,null,null,null,null,null,null,6,6,6,6,6,6,6,6,6
0xeDf619865C8303E591Ad2c4B373AAe82997B337a,null,null,null,null,null,null,null,null,6,6,6,6,6,6,6,6,6
0x33824F7A78A8357A26758a8bBB71f5AACC164f46,null,null,null,null,null,null,null,null,10,10,10,10,10,10,10,10,10
0xc2ac6849Aec3938FB8c9B36F1c07be76f766637E,null,null,null,null,null,null,null,null,null,9,null,null,null,null,null,null,null
0x0DAC3d571eB5b884A2550Db2791d5ac1EfCa306B,null,null,null,null,null,null,null,null,null,2,2,2,2,2,2,2,2
0xB86A36e3E0d2E8132F5798119148eDEF957E1912,null,null,null,null,null,null,null,null,null,6,6,6,6,6,6,6,6
0xDf595d10E76EffaBB38FB3ddFAF89a4Bd50Acf0f,null,null,null,null,null,null,null,null,null,7,7,7,7,7,7,7,7
0x88A91FD7Fb8AAEa8cDAD2C990f1DBDcd28022a02,null,null,null,null,null,null,null,null,null,8,8,8,8,8,8,8,8
0x5548e21695f8F5E4eDBcd8aBc2de0924c718dAcA,null,null,null,null,null,null,null,null,null,8,8,8,8,8,8,8,8
0xc7413A0CcFBD4010968850c815A2D7CB0dE2bC6c,null,null,null,null,null,null,null,null,null,5,5,5,5,5,5,5,5
0xCb4Bb078edaAE9393C8Da27B809Aa9C0f4C920B7,null,null,null,null,null,null,null,null,null,9,9,9,9,9,9,9,9
0xe37673A8e0aAa536828f0d5B0Ddba12fece1115c,null,null,null,null,null,null,null,null,null,1,1,1,1,2,2,4,4
0xDB7C577B93Baeb56dAB50aF4D6f86F99A06B96a2,null,null,null,null,null,null,null,null,null,2,2,2,2,2,2,2,2
0x9611d9Df6A56E3708F2093f08095F33922b59c4A,null,null,null,null,null,null,null,null,null,6,6,6,6,6,6,6,6
0x6F37b5018816908ea901d7DD3D4218493fa6E609,null,null,null,null,null,null,null,null,null,3,3,3,3,3,3,3,3
0xbedd8FF329DCdde43744C467724a4b4778c2C4A3,null,null,null,null,null,null,null,null,null,10,10,10,10,10,10,10,10
0xc634A6B0375D5554116900D0B40a06C2C022f17e,null,null,null,null,null,null,null,null,null,11,11,11,11,11,11,11,11
0x047CDBA9627A8686bb24b3a65D87DaB7EfA53D31,null,null,null,null,null,null,null,null,null,8,8,8,8,8,8,8,8
0x21748fB7CF936666F1b826F67fA61F265d29D42c,null,null,null,null,null,null,null,null,null,11,11,11,11,11,11,11,11
0x9AA0F92cd89F8f2BF77D13Eb0415B3504CA0dC9A,null,null,null,null,null,null,null,null,null,3,null,null,null,null,null,null,null
0x5d6f0e293786F1ec9fEEc3851c03951Dc8c6112a,null,null,null,null,null,null,null,null,null,8,10,10,10,10,10,10,10
0x5F99D7Ece6B00868103daB44ceeAB57B9197eDCa,null,null,null,null,null,null,null,null,null,null,11,11,11,11,11,11,11
0x91d050E1a0ee2423a35F2C7191F1c5405854ba99,null,null,null,null,null,null,null,null,null,null,2,2,2,2,2,2,2
0xdC3153c4A6bD1F8Dfb76Ec59e8Ae4e7b1ca8F965,null,null,null,null,null,null,null,null,null,null,2,2,2,2,2,2,2
0x4dA64d12AEDF38B1Aa68404784A86059c7077EF0,null,null,null,null,null,null,null,null,null,10,10,10,10,10,10,10,10
0x67DE0f2F71e29b8003D957fbcDE9C9AE393CbE94,null,null,null,null,null,null,null,null,null,11,11,11,11,11,11,11,11
0x4d149EB99BDEEFC1f858f8fd22289C6beAE99f2c,null,null,null,null,null,null,null,null,null,2,2,2,2,2,2,2,2
0x3983237438eB69D0C7b9AA3A4619F3738105c7f0,null,null,null,null,null,null,null,null,null,null,10,10,10,10,10,10,10
0x20d06F9AED8F4CdFB3e717f18321F7A17E28BC73,null,null,null,null,null,null,null,null,null,null,4,4,4,4,4,4,4
0xED3754Be081E3d77dFC75A5Dfb904F28D9Ce4339,null,null,null,null,null,null,null,null,null,null,3,3,3,3,3,3,3
0x23AbEe4915C1ba642c285F17CB33A5f0531A77c3,null,null,null,null,null,null,null,null,null,null,3,3,3,3,3,3,3
0x432a20d509dE59361B86274732E6349D48818341,null,null,null,null,null,null,null,null,null,null,1,1,1,1,1,2,2
0x412C794424C331d8794eDf9aa54B4fdaece5F4Fd,null,null,null,null,null,null,null,null,null,null,2,2,2,2,2,2,2
0x4A94787103A50a04f64a95cDcE2c968643D05ABd,null,null,null,null,null,null,null,null,null,null,null,2,2,2,2,2,2
0x594DD7b6a1fC77e2bbf944E212B27871c715f3A9,null,null,null,null,null,null,null,null,null,null,null,3,3,3,3,3,3
0x0AC69d34098404007841C517eF4F555A865706e4,null,null,null,null,null,null,null,null,null,null,null,3,3,3,3,3,3
0x14c1DC4170F3e9C9Ee48E1C8DBA89b9d5BE51752,null,null,null,null,null,null,null,null,null,null,null,3,3,3,3,3,3
0x1C89fbf5750ea4A2cDd8615dE1e173836fe937B8,null,null,null,null,null,null,null,null,null,null,null,3,null,null,null,null,null
0x3Cf26c54635BA585b436701112a0d38E20B6A8E1,null,null,null,null,null,null,null,null,null,null,null,null,3,3,3,3,3
0x30F78fd12C17855453E0db166FeCf684Bb239B8c,null,null,null,null,null,null,null,null,null,null,null,null,1,1,1,1,1
0x5F857E29E0F20f3706b36458B10C1B7bDFb420Bc,null,null,null,null,null,null,null,null,null,null,null,null,3,3,3,3,3
0x47071214D1ef76EeB26E9aC3EC6cC965ab8eb75B,null,null,null,null,null,null,null,null,null,null,null,null,2,3,3,3,3
0x65c4E65113DB14f8c15702883791cCA9E66C5Ed2,null,null,null,null,null,null,null,null,null,null,null,null,null,2,2,2,2
0xD6b862Cf0D009bDe0f020AB9d8F96E475069C5c6,null,null,null,null,null,null,null,null,null,null,null,null,null,8,8,8,8
0xA4cB6Be13c2Eace6c0F1157553E3C446F7b38b10,null,null,null,null,null,null,null,null,null,null,null,null,null,8,8,8,8
0x4efC6389b88569A375668B7B3BD4a9B6c8f4A942,null,null,null,null,null,null,null,null,null,null,null,null,null,5,5,5,5
0xF6ED6e73a8109ef79bAEc6389654233455f510cF,null,null,null,null,null,null,null,null,null,null,null,null,null,9,9,9,9
0xFE8AD7Dd2F564a877cc23fEEa6c0A9Cc2E783715,null,null,null,null,null,null,null,null,null,null,null,null,null,8,8,8,8
0x9168414b724033d9AB0Bc6dbA06E26C851190953,null,null,null,null,null,null,null,null,null,null,null,null,null,3,3,3,3
0x2c785Fa15498FE27F1FC5F809BcD9c10C9481752,null,null,null,null,null,null,null,null,null,null,null,null,null,19,19,19,19
0x45603AA97B67965b42B38ddc8884373eDBcf2D56,null,null,null,null,null,null,null,null,null,null,null,null,null,3,3,3,3
0xEF550c2F1F8848D5d0d2466b9B0867c5D5fF98Bc,null,null,null,null,null,null,null,null,null,null,null,null,null,8,8,8,8
0xb2D7F8fdA0C194f8EBcbcBa97e17E2241d9C6743,null,null,null,null,null,null,null,null,null,null,null,null,null,4,4,4,4
0x6f5678935F3b6055A77A37b33F326d4534693918,null,null,null,null,null,null,null,null,null,null,null,null,null,3,3,3,3
0xf5D2AeD0588d62f5b5df07Bd9Ad05f5d738d9533,null,null,null,null,null,null,null,null,null,null,null,null,null,10,10,10,10
0x12a595641d8bD57aBd0538dCc2E69518A4A3aEAE,null,null,null,null,null,null,null,null,null,null,null,null,null,3,3,3,3
0xd2f06b96B41a6CBD916e3e762e837193AC74e89b,null,null,null,null,null,null,null,null,null,null,null,null,null,7,7,7,7
0xef514634519d0D610F2CFD020859CB1157B1807c,null,null,null,null,null,null,null,null,null,null,null,null,null,null,10,10,10
0xDB368F7b36D972b2DB133B8c62478F5f2c7F028C,null,null,null,null,null,null,null,null,null,null,null,null,null,null,12,12,12
0xDca13a5c7Dd58d3690214586c5096958ba240238,null,null,null,null,null,null,null,null,null,null,null,null,null,null,5,5,5
0x9dD9E1BA1eadebb6201947C47aE22D8312be22C8,null,null,null,null,null,null,null,null,null,null,null,null,null,null,2,2,null
0xf7412232A7a731Bca2E5554C8EE051274373C17c,null,null,null,null,null,null,null,null,null,null,null,null,null,null,3,3,3
0x1f1058DD8700A9247Fc585C61aeef2c838EdAf2B,null,null,null,null,null,null,null,null,null,null,null,null,null,null,3,3,3
0xb0533d8a5Dd60882A08905b71201781Cc5875390,null,null,null,null,null,null,null,null,null,null,null,null,null,null,5,5,5
0x3d4A5A4b17Fe525026aDccB019EAE2e437468000,null,null,null,null,null,null,null,null,null,null,null,null,null,null,5,5,5
0xbbd53362529f4B682B991c58BdA5708B10ee843e,null,null,null,null,null,null,null,null,null,null,null,null,null,null,3,3,3
0x6A330EFadc671852AFD8Ac94561f5A4b3190B8f5,null,null,null,null,null,null,null,null,null,null,null,null,null,null,3,3,3
0x81E9e4C61fB544D658b68690Db33f50C999D5283,null,null,null,null,null,null,null,null,null,null,null,null,null,null,8,null,null
0x98a8816995ee368796C0b72Ecdbf06A2b149388C,null,null,null,null,null,null,null,null,null,null,null,null,null,null,null,3,3
0x248eF26DA8c1B71bb31be16Abda6C01d114E8598,null,null,null,null,null,null,null,null,null,null,null,null,null,null,null,3,3
0x5aC9c871fB1Be8a3fdEB82b54E636395B26304f2,null,null,null,null,null,null,null,null,null,null,null,null,null,null,null,3,3
0x788822606b137Bd5cCD2D47416d0CcfC3767542b,null,null,null,null,null,null,null,null,null,null,null,null,null,null,null,6,6
0xEA66273F5c5a117c7E4762102C7CE7eE80148436,null,null,null,null,null,null,null,null,null,null,null,null,null,null,null,3,3
0x014d8EB4c7eCD16a59074c198F44C24786e27F25,null,null,null,null,null,null,null,null,null,null,null,null,null,null,null,3,3
0xAB14827510411b26031a677183112c2C454A2D67,null,null,null,null,null,null,null,null,null,null,null,null,null,null,null,3,3
0x2963fb5FB6381F4961668AF9a42D23750944E682,null,null,null,null,null,null,null,null,null,null,null,null,null,null,null,8,8
0x9eea4C6eFE411Ec8ca0d3099FE0C71c9aca2708F,null,null,null,null,null,null,null,null,null,null,null,null,null,null,null,null,3
0x08Ac66E3a13d44c6c671183a5Af11f7aC284E44A,null,null,null,null,null,null,null,null,null,null,null,null,null,null,null,null,3
0x10142FbAc4C6492E21F490baBcB47f201D64FF82,null,null,null,null,null,null,null,null,null,null,null,null,null,null,null,null,3
0x67147BEa40432876FAB9b93E59bf86393BF68cf5,null,null,null,null,null,null,null,null,null,null,null,null,null,null,null,null,3
0x69CAc8E1400768Af7D94986eCB1aC0B0A1852CF4,null,null,null,null,null,null,null,null,null,null,null,null,null,null,null,null,3
0xc7E2Ad6a152e2F6BECd06017074E915024E49c8b,null,null,null,null,null,null,null,null,null,null,null,null,null,null,null,null,5
0x87f5DB4b0E8eB5DBEf7068c5E996Cb172481939a,null,null,null,null,null,null,null,null,null,null,null,null,null,null,null,null,1
0xF17EB6b07DbcF9ad183c6A941b7551651d41A153,null,null,null,null,null,null,null,null,null,null,null,null,null,null,null,null,3
0x4E73d5bA686C12D11090CA115577d66e02b999D0,null,null,null,null,null,null,null,null,null,null,null,null,null,null,null,null,3
0xfaf0D41194435089F7412bAf9bd70fEbdfA3c5ca,null,null,null,null,null,null,null,null,null,null,null,null,null,null,null,null,3
0x6d28db24dBf437942FfdaA5Cc273a8526c69A5c6,null,null,null,null,null,null,null,null,null,null,null,null,null,null,null,null,3
0x4e31f9bef4e63E90FdDc5Af71458957458903cbc,null,null,null,null,null,null,null,null,null,null,null,null,null,null,null,null,3
0x6e03d9cce9d60f3e9F2597E13Cd4c54C55330CfD,null,null,null,null,null,null,3,3,3,3,3,3,3,3,3,3,3
0x6e38A457C722C6011B2dfa06d49240e797844d66,null,null,null,null,null,null,5,49,49,49,49,49,49,55,55,55,55
0x5564886ca2C518d1964E5FCea4f423b41Db9F561,null,null,null,null,null,null,null,3,3,3,3,3,3,3,3,17,93
0xa1A111bc074c9cfa781F0C38e63bD51c91b8af00,null,null,null,null,null,null,null,0,3,5,9,9,9,9,9,9,9
0xde0B295669a9FD93d5F28D9Ec85E40f4cb697BAe,null,null,null,null,null,null,null,18,22,30,34,22,44,44,44,44,44
0xA546d23a22453Ae3DFdC57fE02455A87C0D3c75a,null,null,null,null,null,null,null,10,10,10,10,10,10,10,10,10,10
0xdF4B519d56F879707b5139c9e7f8957114dc9b87,null,null,null,null,null,null,null,null,3,3,3,3,3,3,3,3,3
0xd7dC1D3210E52099a8b303CFfc642ae0904de02B,null,null,null,null,null,null,null,null,3,3,3,3,3,3,3,3,3
0x29fC18dC5036F5b5e153E5063e60428394685A3C,null,null,null,null,null,null,null,null,4,4,4,4,4,4,4,4,4
0xC4c51de1AbF5D60DBd329eC0F999Fd8f021ae9fC,null,null,null,null,null,null,null,null,null,8,7,7,7,7,7,7,7
0x93D38e72C5281e78f6B364eACaC6fa907EcBa164,null,null,null,null,null,null,null,null,null,2,15,15,15,15,16,16,16
0xD79B4C6791784184e2755B2fC1659eaaB0f80456,null,null,null,null,null,null,null,null,null,22,32,32,32,32,32,32,32
0x35E57F2b08596f1946ECD9D31975eC3c2D7e1C1D,null,null,null,null,null,null,null,null,null,3,18,18,18,18,18,18,18
0x3cb6797fD58b6A4a6D3107f686f09df04b62f6E4,null,null,null,null,null,null,null,null,null,null,16,16,16,16,16,16,16
0x2e2f3Fbd31Ae1F93EF889F0e20a500d284ac90F2,null,null,null,null,null,null,null,null,null,null,3,3,3,3,3,3,3
0xc6810E1F97ba430d2C8605B30c09393aB6DB4E6f,null,null,null,null,null,null,null,null,null,null,5,5,5,5,5,5,5
0x5AdE470457c5effD582D028191B468FA27E1C9e4,null,null,null,null,null,null,null,null,null,null,3,3,3,3,3,3,3
0xc4A23A06e6642Fa00989b89575f0b9f783259159,null,null,null,null,null,null,null,null,null,null,null,6,6,6,6,6,6
0x4113CAa93A1B90A0659314052305FbE94D2b3D8B,null,null,null,null,null,null,null,null,null,null,null,3,3,3,3,3,3
0xe2A16801a8b45f8C37E9c18590DF7fB9AD834092,null,null,null,null,null,null,null,null,null,null,null,3,3,3,3,3,3
0x3C7771db7F343B79003e8c9BA787BBE47764ed05,null,null,null,null,null,null,null,null,null,null,null,null,15,15,15,15,15
0xcf2405263b7E0D11EEC326b2Da9d4b0d5463246b,null,null,null,null,null,null,null,null,null,null,null,null,16,10,10,null,null
0x56cE7721786745086f47dF29530C535147b44745,null,null,null,null,null,null,null,null,null,null,null,null,3,3,3,3,3
0x449C5B639e9852aDA644ffaACfE325dFcE6E6E0A,null,null,null,null,null,null,null,null,null,null,null,null,4,5,5,5,5
0x55EC1a78a1187428Dc0C67CbB77Ae9fbdD61cc2A,null,null,null,null,null,null,null,null,null,null,null,null,null,8,8,8,8
0x1414DE7662D7C696e9DB0B57e264962eB497073e,null,null,null,null,null,null,null,null,null,null,null,null,null,10,10,10,10
0x49352616584Dea1D1b3f63A834d3Da9F00e0E342,null,null,null,null,null,null,null,null,null,null,null,null,null,3,3,3,3
0xdb65fA14E772de8E6D4643A06a29fbB582239adc,null,null,null,null,null,null,null,null,null,null,null,null,null,8,8,8,8
0x273930d21e01eE25e4c219b63259d214872220a2,null,null,null,null,null,null,null,null,null,null,null,null,null,5,5,5,5
0x252568aBdeB9dE59Fd8963DFCD87be2dB65F1ce1,null,null,null,null,null,null,null,null,null,null,null,null,null,3,3,3,3
0x816c42608bC6Ad894A7d788129c408A18241FF55,null,null,null,null,null,null,null,null,null,null,null,null,null,12,12,12,12
0x1c294eaf56dfe667F0A4d0781f11F0dAD53b9E49,null,null,null,null,null,null,null,null,null,null,null,null,null,12,12,12,12
0x0360977F2A812174149Db52a89448Bc85629D3bD,null,null,null,null,null,null,null,null,null,null,null,null,null,null,10,10,10
0xDf415bb7AE2363ecbb6A595F07cBc2Fc0fD417D3,null,null,null,null,null,null,null,null,null,null,null,null,null,null,84,84,85
0x325e36e383630422B27dF8dBbd7C72BD40fB4F8B,null,null,null,null,null,null,null,null,null,null,null,null,null,null,5,5,5
0x8245dDAaAD559ed153f460fd191819a5d37c19b3,null,null,null,null,null,null,null,null,null,null,null,null,null,null,null,6,6
0x3B8C387a09bf88c88D41F47c4e15c991167C67A4,null,null,null,null,null,null,null,null,null,null,null,null,null,null,null,6,6
0x611A0Fc548459f1ca27db61F42c42505E007E966,null,null,null,null,null,null,null,null,null,null,null,null,null,null,null,8,8
0xB90F2F074F1ed8E6ed952fA5a4B428d7ae56EF0b,null,null,null,null,null,null,null,null,null,null,null,null,null,null,null,27,27
0xdefA1049Dd55ABE7C1F63E339854c5972aDD6b73,null,null,null,null,null,null,null,null,null,null,null,null,null,null,null,8,8
0xA80Fb59EEE33ed9ea3F2d5a725Be3F0e2f8b8545,null,null,null,null,null,null,null,null,null,null,null,null,null,null,null,7,7
0xa773887FC367Bf05aDB6fb8cE53A4E7213a1C90C,null,null,null,null,null,null,null,null,null,null,null,null,null,null,null,17,17
0xEAB122A102c25e6ADB42cc110366414733719D7c,null,null,null,null,null,null,null,null,null,null,null,null,null,null,null,8,8
0xD22EE845703D99Eb722Ce97525dd6917e6BB06b4,null,null,null,null,null,null,null,null,null,null,null,null,null,null,null,17,17
0xbdeB5b87843062116B118E574a68a58f511a30E6,null,null,null,null,null,null,null,null,null,null,null,null,null,null,null,38,38
0x2c35EdEcfEA0B247f1CF47514846A06CCEd6f760,null,null,null,null,null,null,null,null,null,null,null,null,null,null,null,58,58
0x2935aa0a2d2fbB791622C29EB1C117B65b7a9085,null,null,null,null,null,null,null,null,null,null,null,null,null,null,null,29,55
0x539f2912831125c9B86451420Bc0D37b219587f9,null,null,null,null,null,null,null,null,null,null,null,null,null,null,null,null,33
0xAB0799b9dda65fd9206B9D0B6dca8Af5215bBAC0,null,null,null,null,null,null,null,null,null,null,null,null,null,null,null,null,3
0xd8C9DC07A267F92F9A518b218b3F0E24414F2940,null,null,null,null,null,null,null,null,null,null,null,null,null,null,null,null,16
0x5cde8cc57E6f2428277540042BecB7fCC24c0455,null,null,null,null,null,null,null,null,null,null,null,null,null,null,null,null,3
0xAa6BdE0e945b44951F8A53b96a159cc334D36BB2,null,null,null,null,null,null,null,null,null,null,null,null,null,null,null,null,2
0xBAA54d6E90c3F4d7Ebec11bD180134C7eD8eBb52,null,null,null,null,null,null,2,71,75,80,80,81,81,81,81,81,81
0xA327075af2a223A1C83a36aDa1126afE7430f955,null,null,null,null,null,null,2,102,108,108,108,108,108,108,108,108,108
0x109C4f2CCc82C4d77Bde15F306707320294Aea3F,null,null,null,null,null,null,2,80,81,81,82,85,86,87,87,87,87
0xF6bF0eE51FE0ee92500bB22295382E9241eC3b5C,null,null,null,null,null,null,null,8,8,8,8,8,8,8,8,8,8
0x020522bF9B8eD6FF41E2fa6765a17E20E2767D64,null,null,null,null,null,null,null,null,28,29,29,29,29,29,29,29,29
0xfBc128067A2FE13C11BBC6cc55f29AA1F27630DA,null,null,null,null,null,null,null,null,28,33,34,34,34,34,34,34,34
0x209711382EAEb6C1e021e0fc81ACC5AfA9B23D25,null,null,null,null,null,null,null,null,null,8,8,8,8,8,8,8,8
0x7153FdeEf24E488Af4dc001F620407764ee47747,null,null,null,null,null,null,null,null,null,6,6,6,6,6,6,6,6
0x7f751820bE4b1E44464268C425Af6095995e045A,null,null,null,null,null,null,null,null,null,6,6,6,6,6,6,6,6
0xA236078f02627205B2E3bDeA8dBA2e9D150113D3,null,null,null,null,null,null,null,null,null,14,39,39,39,39,39,null,null
0x5EAb75a5Cbcac6cfE5f4c255489fdcfa74913bCf,null,null,null,null,null,null,null,null,null,null,null,null,null,null,null,12,12
0xb4add7c15CC2176e3330c385A0aF30F4e8fB23DF,null,null,null,null,null,null,null,null,null,null,null,null,null,null,31,31,31
0x7a161862Bf7C8FDb92C091021137Bf1345a801fB,null,null,null,null,null,null,null,null,null,null,null,null,null,null,null,9,9
0x88866DD7105d66c54754FC6E5d47D027fB749FDb,null,null,null,null,null,null,null,null,null,null,null,null,null,null,null,17,17
0xFa2B463eAdAF9ce458dFE6A79603af8e6E182d46,null,null,null,null,null,null,null,null,null,null,null,null,null,null,null,28,28
0xB02b493C6451e07579bd7b5Bb301eaf97Ed42966,null,null,null,null,null,null,null,null,null,null,null,null,null,null,null,38,38
0xE28e72FCf78647ADCe1F1252F240bbfaebD63BcC,null,null,null,null,null,null,null,null,null,null,6,6,449,681,1119,1246,1358
0x793AE8C1b1a160BFc07BFB0d04F85eab1A71F4f2,null,null,null,null,null,null,null,null,2001,2001,2001,2001,2001,2001,2001,2001,2001
